center16_conf_0_05,center16_conf_0_25,center32_conf_0_05,center32_conf_0_25,dataset,gt_h,gt_max_dim,gt_w,gt_xc,gt_yc,height,image,iou10_conf,iou30_conf,iou30_conf_0_05,iou30_conf_0_25,iou50_conf,iou50_conf_0_05,iou50_conf_0_25,lowconf_center16,lowconf_center32,lowconf_iou10,lowconf_iou30,lowconf_iou50,max_iou,max_iou_conf,model,near16_conf,near32_conf,num_preds_low_conf,one2one_s16_score_center,one2one_s16_score_global_max,one2one_s16_score_local_max3,one2one_s16_score_percentile3,one2one_s32_score_center,one2one_s32_score_global_max,one2one_s32_score_local_max3,one2one_s32_score_percentile3,one2one_s8_score_center,one2one_s8_score_global_max,one2one_s8_score_local_max3,one2one_s8_score_percentile3,session,width
False,False,False,False,fixed_exposure,6.531840000000001,6.531840000000001,6.53184,2314.1567999999997,1213.42968,2160,tools/yolo/workspace/runs/fixed_exposure_traditional_roi_3000_20260707/images/raw_fixed/fixed__20260707_141324_cam1_frame_000021.jpg,0.0,0.0,False,False,0.0,False,False,False,False,False,False,False,0.0,0.0,non_p2,0.0,0.0,0,3.57196286437933e-11,2.7589680030359887e-05,1.1414034162271491e-07,99.63348765432099,7.863924821318257e-16,2.3838556129085475e-11,2.65907359065648e-15,92.12962962962963,1.6345983455678947e-09,0.00011500539403641596,3.721045516158483e-08,88.2667824074074,20260707_141324_cam1,3840
False,False,False,False,fixed_exposure,5.81688,5.8176000000000005,5.8176000000000005,2305.1711999999998,1185.17256,2160,tools/yolo/workspace/runs/fixed_exposure_traditional_roi_3000_20260707/images/raw_fixed/fixed__20260707_141324_cam1_frame_000022.jpg,0.0,0.0,False,False,0.0,False,False,False,False,False,False,False,0.0,0.01666327379643917,non_p2,0.0,0.0,2,7.843976163046662e-11,9.829831469687633e-06,3.068289089469545e-08,98.97762345679013,3.572446158339737e-15,3.4649008662235303e-10,3.572446158339737e-15,93.98148148148148,1.7253121598059806e-08,0.01666327379643917,8.497792691741779e-08,89.55922067901234,20260707_141324_cam1,3840
False,False,False,False,fixed_exposure,7.1452800000000005,7.14624,7.14624,2295.50976,1158.83784,2160,tools/yolo/workspace/runs/fixed_exposure_traditional_roi_3000_20260707/images/raw_fixed/fixed__20260707_141324_cam1_frame_000023.jpg,0.0,0.0,False,False,0.0,False,False,False,False,False,False,False,0.0,0.012241875752806664,non_p2,0.0,0.0,2,7.639557431105004e-09,3.566377245078911e-06,4.475127468595019e-08,99.20910493827161,7.726722953917597e-16,7.082483211018342e-11,3.075743285212737e-15,89.89197530864197,2.305127644319782e-08,0.012241874821484089,2.6796681140695e-07,89.59297839506173,20260707_141324_cam1,3840
False,False,False,False,fixed_exposure,6.70464,6.70464,6.7046399999999995,2286.37056,1134.1404,2160,tools/yolo/workspace/runs/fixed_exposure_traditional_roi_3000_20260707/images/raw_fixed/fixed__20260707_141324_cam1_frame_000024.jpg,0.0,0.0,False,False,0.0,False,False,False,False,False,False,False,0.0,0.0,non_p2,0.0,0.0,0,9.420853680497387e-11,2.7299645353195956e-06,1.8096460996375185e-09,91.08796296296296,4.329607639340935e-15,1.7324000567420228e-10,4.329607639340935e-15,95.13888888888889,0.00025888782693073153,0.0005246105720289052,0.0005246105720289052,100.0,20260707_141324_cam1,3840
False,False,False,False,fixed_exposure,7.06968,7.06968,6.22464,2277.10848,1110.68928,2160,tools/yolo/workspace/runs/fixed_exposure_traditional_roi_3000_20260707/images/raw_fixed/fixed__20260707_141324_cam1_frame_000025.jpg,0.0,0.0,False,False,0.0,False,False,False,False,False,False,False,0.0,0.004438505508005619,non_p2,0.0,0.0,1,2.385736719290321e-09,6.423777449526824e-06,5.445871309461836e-09,96.23842592592592,7.273121891426596e-20,2.7007177050286657e-10,2.8159004702911928e-15,93.3641975308642,5.672988120930533e-11,0.004438505508005619,4.373895023945806e-09,70.42824074074075,20260707_141324_cam1,3840
False,False,False,False,fixed_exposure,6.82344,6.8236799999999995,6.8236799999999995,2259.29088,1068.23232,2160,tools/yolo/workspace/runs/fixed_exposure_traditional_roi_3000_20260707/images/raw_fixed/fixed__20260707_141324_cam1_frame_000027.jpg,0.0,0.0,False,False,0.0,False,False,False,False,False,False,False,0.0,0.0,non_p2,0.0,0.0,0,1.943715506472557e-13,1.4340594134409912e-05,1.9520948413287442e-08,98.39891975308642,1.7774405916005844e-26,8.158732717200579e-11,9.11819283793102e-19,52.54629629629629,2.2640842534116246e-09,0.00032619808916933835,3.2188776089014937e-08,85.69637345679013,20260707_141324_cam1,3840
True,True,True,True,fixed_exposure,6.6376800000000005,6.6376800000000005,6.21312,2251.18848,1049.06664,2160,tools/yolo/workspace/runs/fixed_exposure_traditional_roi_3000_20260707/images/raw_fixed/fixed__20260707_141324_cam1_frame_000028.jpg,0.6494249105453491,0.6494249105453491,True,True,0.0,False,False,True,True,True,True,False,0.3869405487233601,0.6494249105453491,non_p2,0.6494249105453491,0.6494249105453491,1,1.500980416346831e-11,0.00021310767624527216,6.586049039469799e-09,96.12268518518519,2.9988587398651744e-16,2.5931597147366148e-11,8.442301999351306e-15,96.29629629629629,1.2881614178117395e-11,0.6494249105453491,0.6494249105453491,100.0,20260707_141324_cam1,3840
False,False,False,False,fixed_exposure,7.13232,7.13232,6.40512,2243.0592,1030.9917599999999,2160,tools/yolo/workspace/runs/fixed_exposure_traditional_roi_3000_20260707/images/raw_fixed/fixed__20260707_141324_cam1_frame_000029.jpg,0.0,0.0,False,False,0.0,False,False,False,False,False,False,False,0.0,0.0049457368440926075,non_p2,0.0,0.0,3,1.4587019092626718e-10,2.878726718336111e-06,1.84190510066351e-10,71.64351851851852,5.046663685441559e-25,7.965115372821074e-11,3.037252361084048e-17,60.339506172839506,2.7741925423541147e-10,0.004945737309753895,8.489866587524375e-09,67.41898148148148,20260707_141324_cam1,3840
False,False,False,False,fixed_exposure,6.5988,6.5988,6.1824,2234.4576,1014.19344,2160,tools/yolo/workspace/runs/fixed_exposure_traditional_roi_3000_20260707/images/raw_fixed/fixed__20260707_141324_cam1_frame_000030.jpg,0.0,0.0,False,False,0.0,False,False,False,False,False,False,False,0.0,0.0036968376953154802,non_p2,0.0,0.0,1,1.3972221817037944e-11,2.204477596023935e-06,2.1043149445176823e-07,99.84567901234568,4.835954623573951e-26,2.423356237901686e-10,2.6406331539991618e-17,67.28395061728395,3.2638926283912184e-11,0.0036968376953154802,2.826872425032434e-08,83.35262345679013,20260707_141324_cam1,3840
True,True,True,True,fixed_exposure,6.71112,6.71112,6.013439999999999,2226.4550400000003,998.78616,2160,tools/yolo/workspace/runs/fixed_exposure_traditional_roi_3000_20260707/images/raw_fixed/fixed__20260707_141324_cam1_frame_000031.jpg,0.577261745929718,0.577261745929718,True,True,0.0,False,False,True,True,True,True,False,0.3893520763971078,0.577261745929718,non_p2,0.577261745929718,0.577261745929718,3,1.6405248687290097e-11,1.1099908078904264e-05,4.607258130562286e-09,95.3317901234568,1.4862036916150402e-15,1.6764885313325095e-10,1.8588409078038742e-15,85.41666666666666,2.4958731955848634e-05,0.577261745929718,0.577261745929718,100.0,20260707_141324_cam1,3840
True,False,True,False,fixed_exposure,6.87528,6.87528,6.8736,2218.23744,984.45024,2160,tools/yolo/workspace/runs/fixed_exposure_traditional_roi_3000_20260707/images/raw_fixed/fixed__20260707_141324_cam1_frame_000032.jpg,0.15783216059207916,0.15783216059207916,True,False,0.13655462861061096,True,False,True,True,True,True,True,0.515134250094541,0.13655462861061096,non_p2,0.15783216059207916,0.15783216059207916,2,9.425851071886981e-11,7.156988885981264e-06,5.113562018266293e-09,96.08410493827161,2.61461494883747e-15,1.19784607580109e-11,7.927209405664704e-15,96.83641975308642,0.15783216059207916,0.15783216059207916,0.15783216059207916,100.0,20260707_141324_cam1,3840
True,True,True,True,fixed_exposure,6.6376800000000005,6.6376800000000005,5.7446399999999995,2210.6304,971.6111999999999,2160,tools/yolo/workspace/runs/fixed_exposure_traditional_roi_3000_20260707/images/raw_fixed/fixed__20260707_141324_cam1_frame_000033.jpg,0.7286121845245361,0.7286121845245361,True,True,0.0,False,False,True,True,True,True,False,0.44976684855544463,0.7286121845245361,non_p2,0.7286121845245361,0.7286121845245361,1,6.757807646806668e-10,8.54786230775062e-06,1.3815810717687782e-08,98.10956790123457,1.953167979117771e-15,1.3171481266782692e-11,7.022153854490537e-15,96.75925925925925,2.4585817853964486e-17,0.7286121845245361,0.7286121845245361,100.0,20260707_141324_cam1,3840
True,True,True,True,fixed_exposure,7.24464,7.24464,6.666239999999999,2202.92736,959.7981599999999,2160,tools/yolo/workspace/runs/fixed_exposure_traditional_roi_3000_20260707/images/raw_fixed/fixed__20260707_141324_cam1_frame_000034.jpg,0.7205042839050293,0.7205042839050293,True,True,0.0,False,False,True,True,True,True,False,0.41244572526669254,0.7205042839050293,non_p2,0.7205042839050293,0.7205042839050293,1,8.25383872360419e-10,6.596639195777243e-06,1.967254359414028e-09,90.91435185185185,1.40375858672699e-15,8.527687583859134e-11,5.551718634100701e-15,95.67901234567901,1.3981347365188412e-05,0.7205042839050293,0.7205042839050293,100.0,20260707_141324_cam1,3840
True,False,True,False,fixed_exposure,6.78672,6.78672,6.785279999999999,2195.2511999999997,948.96576,2160,tools/yolo/workspace/runs/fixed_exposure_traditional_roi_3000_20260707/images/raw_fixed/fixed__20260707_141324_cam1_frame_000035.jpg,0.1759263128042221,0.1759263128042221,True,False,0.0,False,False,True,True,True,True,False,0.48772096099953294,0.1759263128042221,non_p2,0.1759263128042221,0.1759263128042221,1,2.6889561757781344e-11,4.657641966332449e-06,3.598183528907839e-09,94.84953703703704,1.7492864075598319e-15,3.728193448404582e-11,6.215709032002768e-15,96.29629629629629,1.70323492056923e-05,0.1759263128042221,0.1759263128042221,100.0,20260707_141324_cam1,3840
True,True,True,True,fixed_exposure,7.36128,7.361280000000001,7.361280000000001,2187.52512,939.20688,2160,tools/yolo/workspace/runs/fixed_exposure_traditional_roi_3000_20260707/images/raw_fixed/fixed__20260707_141324_cam1_frame_000036.jpg,0.804401695728302,0.804401695728302,True,True,0.804401695728302,True,True,True,True,True,True,True,0.6924817177911669,0.804401695728302,non_p2,0.804401695728302,0.804401695728302,1,1.861519965951075e-11,4.4466264625953045e-06,8.816605223671559e-09,97.24151234567901,2.609581455548411e-16,1.4832728795211025e-11,2.171249740399073e-15,94.1358024691358,8.228416845668107e-06,0.804401695728302,0.804401695728302,100.0,20260707_141324_cam1,3840
True,True,True,True,fixed_exposure,6.40872,6.4089599999999995,6.4089599999999995,2179.85664,930.80232,2160,tools/yolo/workspace/runs/fixed_exposure_traditional_roi_3000_20260707/images/raw_fixed/fixed__20260707_141324_cam1_frame_000037.jpg,0.29994967579841614,0.29994967579841614,True,True,0.0,False,False,True,True,True,True,False,0.3715737205756815,0.29994967579841614,non_p2,0.29994967579841614,0.29994967579841614,1,5.1405272399884794e-11,5.057484031567583e-06,1.1469165173139118e-08,98.09027777777779,9.835092250565182e-16,2.933859752363155e-11,6.103141317927987e-15,96.06481481481481,1.1411411549033801e-07,0.29994967579841614,0.29994967579841614,100.0,20260707_141324_cam1,3840
True,True,True,True,fixed_exposure,6.9919199999999995,6.99264,6.99264,2172.672,923.33736,2160,tools/yolo/workspace/runs/fixed_exposure_traditional_roi_3000_20260707/images/raw_fixed/fixed__20260707_141324_cam1_frame_000038.jpg,0.5462028980255127,0.5462028980255127,True,True,0.0,False,False,True,True,True,True,False,0.32052895051792746,0.5462028980255127,non_p2,0.5462028980255127,0.5462028980255127,1,7.445362382174636e-11,1.0638319508871064e-05,1.3620535810332512e-09,90.45138888888889,2.1391607971648502e-16,1.1500830149335783e-10,2.984252927239195e-15,94.29012345679013,7.889256088688956e-12,0.5462028980255127,0.5462028980255127,100.0,20260707_141324_cam1,3840
True,True,True,True,fixed_exposure,6.6398399999999995,6.6398399999999995,6.63936,2165.38368,917.02584,2160,tools/yolo/workspace/runs/fixed_exposure_traditional_roi_3000_20260707/images/raw_fixed/fixed__20260707_141324_cam1_frame_000039.jpg,0.618882417678833,0.0,False,False,0.0,False,False,True,True,True,False,False,0.2693907472731018,0.618882417678833,non_p2,0.618882417678833,0.618882417678833,1,8.891735125970968e-10,6.171487711981172e-06,1.0949335882415312e-09,88.90817901234568,2.6861926210122473e-15,3.643066751046753e-11,5.602886200378439e-15,95.67901234567901,5.871492248843424e-06,0.618882417678833,0.618882417678833,100.0,20260707_141324_cam1,3840
True,True,True,True,fixed_exposure,6.87312,6.8736,6.8736,2158.1452799999997,911.44224,2160,tools/yolo/workspace/runs/fixed_exposure_traditional_roi_3000_20260707/images/raw_fixed/fixed__20260707_141324_cam1_frame_000040.jpg,0.4736695885658264,0.4736695885658264,True,True,0.4736695885658264,True,True,True,True,True,True,True,0.5090372032545307,0.4736695885658264,non_p2,0.4736695885658264,0.4736695885658264,2,4.035177053607342e-11,1.7662252503214404e-05,1.4545934456933196e-09,91.30015432098766,9.853305576513517e-16,1.470293331529149e-11,2.7026379774414263e-15,94.44444444444444,1.4345954424399565e-09,0.4736695885658264,0.4736695885658264,100.0,20260707_141324_cam1,3840
True,True,True,True,fixed_exposure,6.756480000000001,6.7584,6.7584,2151.02976,907.17192,2160,tools/yolo/workspace/runs/fixed_exposure_traditional_roi_3000_20260707/images/raw_fixed/fixed__20260707_141324_cam1_frame_000041.jpg,0.5605147480964661,0.5605147480964661,True,True,0.0,False,False,True,True,True,True,False,0.4032634212212145,0.5605147480964661,non_p2,0.5605147480964661,0.5605147480964661,1,2.3203496901658127e-09,0.00011247966176597401,2.3203496901658127e-09,93.38348765432099,1.8991293946653146e-15,9.41212038862993e-12,6.290969179915734e-15,96.06481481481481,2.114347976214792e-12,0.5605147480964661,0.5605147480964661,100.0,20260707_141324_cam1,3840
True,True,True,True,fixed_exposure,6.7608,6.76224,6.76224,2143.776,904.15008,2160,tools/yolo/workspace/runs/fixed_exposure_traditional_roi_3000_20260707/images/raw_fixed/fixed__20260707_141324_cam1_frame_000042.jpg,0.7389906048774719,0.7389906048774719,True,True,0.0,False,False,True,True,True,True,False,0.3444604221002394,0.7389906048774719,non_p2,0.7389906048774719,0.7389906048774719,1,6.398029883669665e-10,7.796525096637197e-06,4.773808370828192e-08,99.22839506172839,1.5241781903437002e-15,1.0445213444176815e-10,4.3873502988717346e-15,95.9104938271605,0.7389905452728271,0.7389905452728271,0.7389905452728271,100.0,20260707_141324_cam1,3840
True,True,True,True,fixed_exposure,6.559920000000001,6.559920000000001,6.132479999999999,2136.61056,901.9490400000001,2160,tools/yolo/workspace/runs/fixed_exposure_traditional_roi_3000_20260707/images/raw_fixed/fixed__20260707_141324_cam1_frame_000043.jpg,0.5421839952468872,0.0,False,False,0.0,False,False,True,True,True,False,False,0.2430097279718149,0.5421839952468872,non_p2,0.5421839952468872,0.5421839952468872,2,7.9503320593588e-11,1.959940891538281e-05,1.037052754782053e-07,99.65277777777779,6.69869124193367e-16,1.5913172168868783e-10,3.794878704354611e-15,95.98765432098766,0.002368619665503502,0.5421839952468872,0.5421839952468872,100.0,20260707_141324_cam1,3840
True,True,True,True,fixed_exposure,6.49728,6.49728,6.49728,2129.67936,900.77184,2160,tools/yolo/workspace/runs/fixed_exposure_traditional_roi_3000_20260707/images/raw_fixed/fixed__20260707_141324_cam1_frame_000044.jpg,0.7635946273803711,0.7635946273803711,True,True,0.0,False,False,True,True,True,True,False,0.3209665894450164,0.7635946273803711,non_p2,0.7635946273803711,0.7635946273803711,1,9.943119938515821e-11,1.12968637040467e-05,4.5908127077609606e-08,99.30555555555556,1.6335585194379634e-15,7.834208975987522e-12,5.6569417254898405e-15,95.9104938271605,0.7635946273803711,0.7635946273803711,0.7635946273803711,100.0,20260707_141324_cam1,3840
True,True,True,True,fixed_exposure,6.7068,6.708480000000001,6.708480000000001,2122.92096,900.7437600000001,2160,tools/yolo/workspace/runs/fixed_exposure_traditional_roi_3000_20260707/images/raw_fixed/fixed__20260707_141324_cam1_frame_000045.jpg,0.784180223941803,0.784180223941803,True,True,0.0,False,False,True,True,True,True,False,0.3445460645494232,0.784180223941803,non_p2,0.784180223941803,0.784180223941803,1,6.211801628630553e-10,1.1064460522902664e-05,2.447849745124131e-08,98.72685185185185,1.5245736488509495e-15,3.53248719164867e-09,4.779932705748684e-15,95.21604938271605,0.784180223941803,0.784180223941803,0.784180223941803,100.0,20260707_141324_cam1,3840
True,True,True,True,fixed_exposure,6.65064,6.65088,6.65088,2115.67488,902.02464,2160,tools/yolo/workspace/runs/fixed_exposure_traditional_roi_3000_20260707/images/raw_fixed/fixed__20260707_141324_cam1_frame_000046.jpg,0.5020902156829834,0.5020902156829834,True,True,0.0,False,False,True,True,True,True,False,0.41319344383814877,0.5020902156829834,non_p2,0.5020902156829834,0.5020902156829834,2,1.7239113958567032e-07,1.6690690245013684e-05,9.38701816721732e-07,99.90354938271605,1.364852113528334e-16,5.038351333364055e-11,1.2019723629223215e-15,90.27777777777779,0.009258166886866093,0.5020902156829834,0.5020902156829834,100.0,20260707_141324_cam1,3840
True,True,True,True,fixed_exposure,6.90552,6.90552,6.904319999999999,2108.9664,904.00536,2160,tools/yolo/workspace/runs/fixed_exposure_traditional_roi_3000_20260707/images/raw_fixed/fixed__20260707_141324_cam1_frame_000047.jpg,0.678136944770813,0.678136944770813,True,True,0.0,False,False,True,True,True,True,False,0.4001944311312928,0.678136944770813,non_p2,0.678136944770813,0.678136944770813,1,5.303667505174303e-10,1.2424181932146894e-06,6.220946424662088e-09,96.04552469135803,5.328981262103934e-16,1.9238922954745163e-11,1.2376599785725133e-15,88.73456790123457,0.678136944770813,0.678136944770813,0.678136944770813,100.0,20260707_141324_cam1,3840
True,True,True,True,fixed_exposure,6.581519999999999,6.58176,6.58176,2102.00448,906.88464,2160,tools/yolo/workspace/runs/fixed_exposure_traditional_roi_3000_20260707/images/raw_fixed/fixed__20260707_141324_cam1_frame_000048.jpg,0.6639230251312256,0.6639230251312256,True,True,0.0,False,False,True,True,True,True,False,0.4888442866850771,0.6639230251312256,non_p2,0.6639230251312256,0.6639230251312256,1,1.1884879365375856e-11,1.1121491070298362e-06,1.90506792563383e-08,98.37962962962963,4.037345750093976e-16,2.7433404506393977e-11,9.79678624431679e-16,89.0432098765432,0.6639230251312256,0.6639230251312256,0.6639230251312256,100.0,20260707_141324_cam1,3840
True,True,True,True,fixed_exposure,6.665760000000001,6.666239999999999,6.666239999999999,2095.1193599999997,911.26296,2160,tools/yolo/workspace/runs/fixed_exposure_traditional_roi_3000_20260707/images/raw_fixed/fixed__20260707_141324_cam1_frame_000049.jpg,0.7270021438598633,0.7270021438598633,True,True,0.0,False,False,True,True,True,True,False,0.4696776974818743,0.7270021438598633,non_p2,0.7270021438598633,0.7270021438598633,1,4.871436587450262e-12,2.382051752647385e-05,5.203608655079961e-09,96.29629629629629,1.7275804736023912e-16,9.694644392821417e-12,1.0319913792541046e-15,89.81481481481481,1.1598500805620748e-11,0.7270021438598633,0.7270021438598633,100.0,20260707_141324_cam1,3840
True,True,True,True,fixed_exposure,6.7629600000000005,6.7629600000000005,6.76224,2088.39168,916.30872,2160,tools/yolo/workspace/runs/fixed_exposure_traditional_roi_3000_20260707/images/raw_fixed/fixed__20260707_141324_cam1_frame_000050.jpg,0.7895885109901428,0.0,False,False,0.0,False,False,True,True,True,False,False,0.2720475206493687,0.7895885109901428,non_p2,0.7895885109901428,0.7895885109901428,1,2.702056113579321e-11,9.268457688449416e-06,6.775712435569403e-09,96.6820987654321,8.072769794188869e-16,1.6912405920166407e-09,2.28089032036638e-15,92.82407407407408,4.1439594156145176e-07,0.7895885109901428,0.7895885109901428,100.0,20260707_141324_cam1,3840
True,True,True,True,fixed_exposure,6.646319999999999,6.64704,6.64704,2081.6448,922.3956,2160,tools/yolo/workspace/runs/fixed_exposure_traditional_roi_3000_20260707/images/raw_fixed/fixed__20260707_141324_cam1_frame_000051.jpg,0.7141573429107666,0.7141573429107666,True,True,0.0,False,False,True,True,True,True,False,0.34990925505288106,0.7141573429107666,non_p2,0.7141573429107666,0.7141573429107666,1,2.8589686174029794e-11,2.8984036362089682e-06,2.271407062437447e-09,92.88194444444444,8.113986417402263e-16,4.378113496739111e-11,8.829111453176244e-16,85.9567901234568,0.7141573429107666,0.7141573429107666,0.7141573429107666,100.0,20260707_141324_cam1,3840
True,True,True,True,fixed_exposure,6.842879999999999,6.84288,6.84288,2074.9632,929.5063200000001,2160,tools/yolo/workspace/runs/fixed_exposure_traditional_roi_3000_20260707/images/raw_fixed/fixed__20260707_141324_cam1_frame_000052.jpg,0.6439398527145386,0.6439398527145386,True,True,0.6439398527145386,True,True,True,True,True,True,True,0.5342695706665328,0.6439398527145386,non_p2,0.6439398527145386,0.6439398527145386,1,1.0058862597028817e-11,2.1862273570150137e-05,5.5667634057954274e-08,99.26697530864197,6.161502946784993e-16,2.1927163210144762e-11,2.055627413758256e-15,93.67283950617285,2.954225010398659e-06,0.6439398527145386,0.6439398527145386,100.0,20260707_141324_cam1,3840
True,True,True,True,fixed_exposure,6.79968,6.80064,6.80064,2068.21632,937.9368000000001,2160,tools/yolo/workspace/runs/fixed_exposure_traditional_roi_3000_20260707/images/raw_fixed/fixed__20260707_141324_cam1_frame_000053.jpg,0.7978186011314392,0.7978186011314392,True,True,0.0,False,False,True,True,True,True,False,0.30225412509329064,0.7978186011314392,non_p2,0.7978186011314392,0.7978186011314392,1,8.980701599048402e-11,2.037528020082391e-06,9.528546840442687e-10,89.87268518518519,1.156260641736967e-15,3.668650452870459e-11,1.8049179433487182e-15,93.82716049382715,1.175088826244064e-07,0.7978186011314392,0.7978186011314392,100.0,20260707_141324_cam1,3840
True,True,True,True,fixed_exposure,7.01568,7.015680000000001,7.015680000000001,2061.68064,947.2787999999999,2160,tools/yolo/workspace/runs/fixed_exposure_traditional_roi_3000_20260707/images/raw_fixed/fixed__20260707_141324_cam1_frame_000054.jpg,0.6531803607940674,0.6531803607940674,True,True,0.0,False,False,True,True,True,True,False,0.40632966768591355,0.6531803607940674,non_p2,0.6531803607940674,0.6531803607940674,1,1.2128762620980393e-12,2.4781822503427975e-05,2.486937322743188e-09,94.00077160493827,4.1898577909558164e-15,4.79553931287402e-11,9.443646561903447e-15,96.6820987654321,0.6531804203987122,0.6531804203987122,0.6531804203987122,100.0,20260707_141324_cam1,3840
True,True,True,True,fixed_exposure,6.73056,6.73152,6.73152,2054.86848,957.7116,2160,tools/yolo/workspace/runs/fixed_exposure_traditional_roi_3000_20260707/images/raw_fixed/fixed__20260707_141324_cam1_frame_000055.jpg,0.7641116976737976,0.7641116976737976,True,True,0.0,False,False,True,True,True,True,False,0.38309023295838807,0.7641116976737976,non_p2,0.7641116976737976,0.7641116976737976,1,9.491568989106192e-12,2.193942918893299e-06,2.568417478698848e-09,93.98148148148148,5.4873737762625285e-15,2.082442725204192e-11,6.304037627742447e-15,96.60493827160494,1.912726504960105e-10,0.7641116976737976,0.7641116976737976,100.0,20260707_141324_cam1,3840
True,True,True,True,fixed_exposure,7.17768,7.17768,7.17696,2048.1984,969.2200799999999,2160,tools/yolo/workspace/runs/fixed_exposure_traditional_roi_3000_20260707/images/raw_fixed/fixed__20260707_141324_cam1_frame_000056.jpg,0.7583203315734863,0.7583203315734863,True,True,0.0,False,False,True,True,True,True,False,0.4044071083998445,0.7583203315734863,non_p2,0.7583203315734863,0.7583203315734863,1,2.0228058117410797e-10,1.9526403320924146e-06,1.7055272749644246e-08,98.4567901234568,6.752466187381293e-16,3.4552686233035868e-12,2.7298059239498976e-15,94.98456790123457,0.7583203315734863,0.7583203315734863,0.7583203315734863,100.0,20260707_141324_cam1,3840
True,True,True,True,fixed_exposure,6.31584,6.74688,6.74688,2041.7702400000003,981.8928,2160,tools/yolo/workspace/runs/fixed_exposure_traditional_roi_3000_20260707/images/raw_fixed/fixed__20260707_141324_cam1_frame_000057.jpg,0.7711423635482788,0.7711423635482788,True,True,0.0,False,False,True,True,True,True,False,0.3524298982728299,0.7711423635482788,non_p2,0.7711423635482788,0.7711423635482788,1,5.066473907078262e-10,1.5174650798144285e-05,3.332922204890565e-08,99.05478395061729,2.8739256153099014e-16,6.070970115512608e-11,2.784655330691113e-15,95.06172839506173,0.7711424827575684,0.7711424827575684,0.7711424827575684,100.0,20260707_141324_cam1,3840
True,True,True,True,fixed_exposure,7.26408,7.26408,6.38592,2035.2230399999999,995.4597600000001,2160,tools/yolo/workspace/runs/fixed_exposure_traditional_roi_3000_20260707/images/raw_fixed/fixed__20260707_141324_cam1_frame_000058.jpg,0.8050686717033386,0.8050686717033386,True,True,0.0,False,False,True,True,True,True,False,0.46204617604651144,0.8050686717033386,non_p2,0.8050686717033386,0.8050686717033386,1,1.0246820059123252e-10,2.798440164042404e-06,3.6161333927253736e-09,94.83024691358025,2.4569342599919247e-15,1.2666648112336087e-11,2.4569342599919247e-15,93.75,3.43333486640951e-11,0.8050686717033386,0.8050686717033386,100.0,20260707_141324_cam1,3840
True,True,True,True,fixed_exposure,6.74136,6.74136,6.627840000000001,2028.4032,1010.22984,2160,tools/yolo/workspace/runs/fixed_exposure_traditional_roi_3000_20260707/images/raw_fixed/fixed__20260707_141324_cam1_frame_000059.jpg,0.7001333236694336,0.7001333236694336,True,True,0.0,False,False,True,True,True,True,False,0.4077339416323231,0.7001333236694336,non_p2,0.7001333236694336,0.7001333236694336,1,2.360974193926779e-10,6.759856478311121e-05,1.587807929581686e-08,98.36033950617285,4.187205730797963e-15,5.385425612403072e-12,4.56452460396539e-15,95.5246913580247,8.303868526127189e-07,0.7001333236694336,0.7001333236694336,100.0,20260707_141324_cam1,3840
False,False,False,False,fixed_exposure,6.2316,6.2438400000000005,6.2438400000000005,2021.8368,1025.9287199999999,2160,tools/yolo/workspace/runs/fixed_exposure_traditional_roi_3000_20260707/images/raw_fixed/fixed__20260707_141324_cam1_frame_000060.jpg,0.0,0.0,False,False,0.0,False,False,False,False,False,False,False,0.0,0.0,non_p2,0.0,0.0,0,5.226804232483229e-13,4.515909495239612e-06,3.2337771349588706e-11,59.7608024691358,2.4326232728835563e-21,6.84960282937297e-11,3.022891805131546e-20,48.148148148148145,5.319679630133578e-08,0.0003129148972220719,5.319679630133578e-08,91.92226080246914,20260707_141324_cam1,3840
True,True,True,True,fixed_exposure,7.29,7.29,6.666239999999999,2015.58912,1043.2043999999999,2160,tools/yolo/workspace/runs/fixed_exposure_traditional_roi_3000_20260707/images/raw_fixed/fixed__20260707_141324_cam1_frame_000061.jpg,0.779848039150238,0.779848039150238,True,True,0.0,False,False,True,True,True,True,False,0.4412595856136378,0.779848039150238,non_p2,0.779848039150238,0.779848039150238,1,5.575053613204872e-11,3.291877646915964e-06,9.652922905445394e-09,97.43441358024691,9.629092779001752e-16,1.9964224717838874e-11,2.330130886689114e-15,94.1358024691358,6.817509756729123e-08,0.7798479795455933,0.7798479795455933,100.0,20260707_141324_cam1,3840
True,True,True,True,fixed_exposure,6.9444,6.9444,6.600960000000001,2008.9152000000001,1061.532,2160,tools/yolo/workspace/runs/fixed_exposure_traditional_roi_3000_20260707/images/raw_fixed/fixed__20260707_141324_cam1_frame_000062.jpg,0.7661808729171753,0.7661808729171753,True,True,0.0,False,False,True,True,True,True,False,0.3845960333712064,0.7661808729171753,non_p2,0.7661808729171753,0.7661808729171753,1,5.303118708055443e-11,1.051485105563188e-05,1.8618769859202189e-09,92.3804012345679,5.064429049874775e-16,3.427962774749105e-11,1.649715355269484e-15,93.05555555555556,0.7661808729171753,0.7661808729171753,0.7661808729171753,100.0,20260707_141324_cam1,3840
True,True,True,True,fixed_exposure,6.9573599999999995,7.008,7.008,2002.4255999999998,1080.89424,2160,tools/yolo/workspace/runs/fixed_exposure_traditional_roi_3000_20260707/images/raw_fixed/fixed__20260707_141324_cam1_frame_000063.jpg,0.8156574368476868,0.8156574368476868,True,True,0.0,False,False,True,True,True,True,False,0.3057034228499083,0.8156574368476868,non_p2,0.8156574368476868,0.8156574368476868,1,1.3275167423665302e-11,4.965480457030935e-06,2.523264486242738e-09,93.42206790123457,1.6915572211468499e-16,1.0139699080369269e-09,1.62168099993509e-15,91.9753086419753,0.8156574368476868,0.8156574368476868,0.8156574368476868,100.0,20260707_141324_cam1,3840
True,True,True,True,fixed_exposure,6.7975200000000005,7.027200000000001,7.027200000000001,1995.72864,1101.2004,2160,tools/yolo/workspace/runs/fixed_exposure_traditional_roi_3000_20260707/images/raw_fixed/fixed__20260707_141324_cam1_frame_000064.jpg,0.5978679060935974,0.5978679060935974,True,True,0.0,False,False,True,True,True,True,False,0.37998131445118205,0.5978679060935974,non_p2,0.5978679060935974,0.5978679060935974,2,4.906590245212783e-09,1.7045503000190365e-06,3.485192934249426e-08,99.15123456790124,9.078186123527801e-17,2.944084212530562e-11,8.303774207750838e-16,91.43518518518519,0.07802587747573853,0.5978679060935974,0.5978679060935974,100.0,20260707_141324_cam1,3840
True,True,True,True,fixed_exposure,6.39576,6.59328,6.59328,1989.1392,1122.9408,2160,tools/yolo/workspace/runs/fixed_exposure_traditional_roi_3000_20260707/images/raw_fixed/fixed__20260707_141324_cam1_frame_000065.jpg,0.6168885231018066,0.6168885231018066,True,True,0.6168885231018066,True,True,True,True,True,True,True,0.5538480698571888,0.6168885231018066,non_p2,0.6168885231018066,0.6168885231018066,1,2.334468382492183e-11,2.0358497749839444e-06,1.3916198193797413e-09,90.50925925925925,3.4149170883917505e-15,3.0986155308276864e-10,1.0427913246173048e-14,96.60493827160494,0.6168885231018066,0.6168885231018066,0.6168885231018066,100.0,20260707_141324_cam1,3840
True,True,True,True,fixed_exposure,7.44984,7.44984,7.2192,1982.3923200000002,1145.85192,2160,tools/yolo/workspace/runs/fixed_exposure_traditional_roi_3000_20260707/images/raw_fixed/fixed__20260707_141324_cam1_frame_000066.jpg,0.7044598460197449,0.7044598460197449,True,True,0.7044598460197449,True,True,True,True,True,True,True,0.6839264809193946,0.7044598460197449,non_p2,0.7044598460197449,0.7044598460197449,1,3.0441732034452995e-12,2.1419516542664496e-06,9.440555004402995e-10,88.83101851851852,2.5693503551691473e-15,6.131880420090496e-11,1.441462543132297e-14,97.37654320987654,0.7044598460197449,0.7044598460197449,0.7044598460197449,100.0,20260707_141324_cam1,3840
False,False,False,False,fixed_exposure,6.56856,6.56856,6.50496,1976.32512,1170.3204,2160,tools/yolo/workspace/runs/fixed_exposure_traditional_roi_3000_20260707/images/raw_fixed/fixed__20260707_141324_cam1_frame_000067.jpg,0.0,0.0,False,False,0.0,False,False,False,False,False,False,False,0.0,0.023363349959254265,non_p2,0.0,0.0,3,6.8513228732597505e-16,2.894329327318701e-06,2.3326278686397472e-09,92.70833333333334,2.252696375835635e-19,8.333020384831968e-11,3.507039332943944e-15,92.12962962962963,4.6986414758976025e-08,0.023363349959254265,2.2991462174104527e-05,99.94212962962963,20260707_141324_cam1,3840
False,False,False,False,fixed_exposure,7.3720799999999995,7.3720799999999995,7.10016,1969.3286400000002,1195.7738399999998,2160,tools/yolo/workspace/runs/fixed_exposure_traditional_roi_3000_20260707/images/raw_fixed/fixed__20260707_141324_cam1_frame_000068.jpg,0.0,0.0,False,False,0.0,False,False,False,False,False,False,False,0.0,0.0,non_p2,0.0,0.0,0,2.2929852461217592e-12,9.577926903148182e-06,3.9068617785353865e-10,78.29861111111111,8.412667552147241e-21,7.712578492524713e-11,3.1791213270845192e-15,91.0493827160494,1.21660148622027e-09,0.0002545398019719869,2.880247684799997e-08,75.92110339506173,20260707_141324_cam1,3840
False,False,False,False,fixed_exposure,6.63336,6.63336,6.144,1962.5740799999999,1222.2468,2160,tools/yolo/workspace/runs/fixed_exposure_traditional_roi_3000_20260707/images/raw_fixed/fixed__20260707_141324_cam1_frame_000069.jpg,0.0,0.0,False,False,0.0,False,False,False,False,False,False,False,0.0,0.0,non_p2,0.0,0.0,0,1.4795732998160172e-12,2.3919312752695987e-06,2.265525822497949e-10,74.90354938271605,3.509780217986695e-24,7.72518091163299e-11,3.637572139373956e-16,80.0925925925926,1.5980908263379945e-10,0.0008783909142948687,1.7376726724194214e-09,60.706018518518526,20260707_141324_cam1,3840
False,False,False,False,fixed_exposure,6.101999999999999,6.101999999999999,5.84064,1956.34176,1250.40672,2160,tools/yolo/workspace/runs/fixed_exposure_traditional_roi_3000_20260707/images/raw_fixed/fixed__20260707_141324_cam1_frame_000070.jpg,0.0,0.0,False,False,0.0,False,False,False,False,False,False,False,0.0,0.004565621726214886,non_p2,0.0,0.0,3,1.3399742253283886e-11,5.509076800080948e-06,1.0773902603400387e-10,63.94675925925925,6.0858436345956335e-15,1.3630352402316248e-10,6.0858436345956335e-15,94.98456790123457,1.8340612584211158e-08,0.004565621726214886,1.2114620062675385e-07,85.00192901234568,20260707_141324_cam1,3840
False,False,False,False,fixed_exposure,8.85816,8.86656,8.86656,1929.7343999999998,1375.8292800000002,2160,tools/yolo/workspace/runs/fixed_exposure_traditional_roi_3000_20260707/images/raw_fixed/fixed__20260707_141324_cam1_frame_000074.jpg,0.0,0.0,False,False,0.0,False,False,False,False,False,False,False,0.0,0.0,non_p2,0.0,0.0,0,2.5399798930791917e-10,9.404649972566403e-06,2.7079920528194634e-09,93.19058641975309,1.2014133229817445e-22,1.2577513475164892e-09,4.206174239558335e-16,83.48765432098766,1.675152958569015e-07,0.00020012925961054862,2.096276148222387e-06,99.5949074074074,20260707_141324_cam1,3840
False,False,False,False,fixed_exposure,9.71568,9.71568,8.7552,1914.1785599999998,1391.9450399999998,2160,tools/yolo/workspace/runs/fixed_exposure_traditional_roi_3000_20260707/images/raw_fixed/fixed__20260707_141324_cam1_frame_000077.jpg,0.0,0.0,False,False,0.0,False,False,False,False,False,False,False,0.0,0.002881146501749754,non_p2,0.0,0.0,1,2.603643411980272e-10,1.4142884765533381e-06,7.326442785782206e-10,86.01466049382715,2.8182683242186674e-20,4.935334432798477e-11,4.272574740480376e-16,82.17592592592592,3.223485478542898e-08,0.002881146501749754,1.7741834881235263e-06,99.49845679012346,20260707_141324_cam1,3840
False,False,False,False,fixed_exposure,8.38728,8.38728,8.05632,1911.0105600000002,1370.51352,2160,tools/yolo/workspace/runs/fixed_exposure_traditional_roi_3000_20260707/images/raw_fixed/fixed__20260707_141324_cam1_frame_000078.jpg,0.0,0.0,False,False,0.0,False,False,False,False,False,False,False,0.0,0.0,non_p2,0.0,0.0,0,4.6026005229293787e-10,5.468670860864222e-05,1.2978944585739782e-09,89.12037037037037,4.99662197174807e-20,1.239316704815252e-10,2.1953274989577236e-15,91.51234567901234,2.307871369566783e-07,2.556197978265118e-05,1.5052394246595213e-06,99.44540895061729,20260707_141324_cam1,3840
False,False,False,False,fixed_exposure,8.19504,8.409600000000001,8.409600000000001,1908.01152,1347.50952,2160,tools/yolo/workspace/runs/fixed_exposure_traditional_roi_3000_20260707/images/raw_fixed/fixed__20260707_141324_cam1_frame_000079.jpg,0.0,0.0,False,False,0.0,False,False,False,False,False,False,False,0.0,0.0,non_p2,0.0,0.0,0,8.297684067626321e-11,1.2744565083266934e-06,2.1885695478118805e-09,92.6118827160494,4.32178969111334e-21,4.826555474735095e-11,2.1577485381456518e-16,80.47839506172839,1.1815767808620592e-10,0.0002184144250350073,1.0049558341052034e-06,99.26215277777779,20260707_141324_cam1,3840
False,False,False,False,fixed_exposure,7.67664,7.67664,7.22304,1904.16768,1328.64624,2160,tools/yolo/workspace/runs/fixed_exposure_traditional_roi_3000_20260707/images/raw_fixed/fixed__20260707_141324_cam1_frame_000080.jpg,0.0,0.0,False,False,0.0,False,False,False,False,False,False,False,0.0,0.04117744788527489,non_p2,0.0,0.0,3,1.6122807949825457e-11,4.14140549764852e-06,7.346386610151967e-09,96.75925925925925,7.980986224262825e-20,1.1499799029701663e-10,1.9529443624196957e-15,91.12654320987654,5.249714885025014e-09,0.04117744788527489,4.407243281434603e-08,89.78587962962963,20260707_141324_cam1,3840
False,False,False,False,fixed_exposure,7.25976,7.25976,7.10784,1894.52928,1277.26416,2160,tools/yolo/workspace/runs/fixed_exposure_traditional_roi_3000_20260707/images/raw_fixed/fixed__20260707_141324_cam1_frame_000083.jpg,0.0,0.0,False,False,0.0,False,False,False,False,False,False,False,0.0,0.0032506368588656187,non_p2,0.0,0.0,3,2.574829771617715e-08,8.191040251404047e-06,2.574829771617715e-08,98.88117283950618,2.7693691388502514e-15,5.704073671730647e-11,3.3460829559331298e-15,93.44135802469135,1.5608129233513068e-09,0.0032506368588656187,4.831997202359162e-08,83.05362654320987,20260707_141324_cam1,3840
False,False,False,False,fixed_exposure,6.74784,6.74784,5.94048,1891.0771200000001,1262.6712,2160,tools/yolo/workspace/runs/fixed_exposure_traditional_roi_3000_20260707/images/raw_fixed/fixed__20260707_141324_cam1_frame_000084.jpg,0.0,0.0,False,False,0.0,False,False,False,False,False,False,False,0.0,0.003928366582840681,non_p2,0.0,0.0,1,1.3673852272688691e-08,2.9106329293426825e-06,1.3673852272688691e-08,97.58873456790124,5.6610002838566095e-15,1.6210388587012403e-10,5.6610002838566095e-15,94.83024691358025,5.743750475240006e-10,0.003928366582840681,4.217848115217748e-08,81.4332561728395,20260707_141324_cam1,3840
False,False,False,False,fixed_exposure,6.00696,6.00696,5.79072,1887.7824,1249.9790400000002,2160,tools/yolo/workspace/runs/fixed_exposure_traditional_roi_3000_20260707/images/raw_fixed/fixed__20260707_141324_cam1_frame_000085.jpg,0.0,0.0,False,False,0.0,False,False,False,False,False,False,False,0.0,0.0,non_p2,0.0,0.0,0,2.357509187866924e-10,1.0501284123165533e-05,2.7982620665056857e-09,93.38348765432099,4.531524094461244e-16,1.0472363948244023e-10,2.4511583423245976e-15,91.12654320987654,2.699709567011155e-09,7.078573253238574e-05,2.699709567011155e-09,60.194830246913575,20260707_141324_cam1,3840
False,False,False,False,fixed_exposure,7.16904,7.16904,6.56256,1877.56032,1217.30472,2160,tools/yolo/workspace/runs/fixed_exposure_traditional_roi_3000_20260707/images/raw_fixed/fixed__20260707_141324_cam1_frame_000088.jpg,0.0,0.0,False,False,0.0,False,False,False,False,False,False,False,0.0,0.0,non_p2,0.0,0.0,0,2.767977904175045e-13,1.1223928595427424e-06,7.991815209607012e-09,96.83641975308642,4.438410040579813e-21,1.3110407204308672e-10,4.632304180404679e-15,93.67283950617285,7.775741717175322e-10,0.00046320390538312495,5.914753575808618e-09,67.83371913580247,20260707_141324_cam1,3840
False,False,False,False,fixed_exposure,6.95952,6.95952,6.26688,1874.63424,1208.91744,2160,tools/yolo/workspace/runs/fixed_exposure_traditional_roi_3000_20260707/images/raw_fixed/fixed__20260707_141324_cam1_frame_000089.jpg,0.0,0.0,False,False,0.0,False,False,False,False,False,False,False,0.0,0.0025876848958432674,non_p2,0.0,0.0,2,2.194470259263455e-14,2.1465525605890434e-06,5.632698751867338e-10,81.4621913580247,4.828909163848383e-20,6.73667302497627e-11,3.783921486148929e-15,93.13271604938271,5.017151138986264e-10,0.0025876848958432674,4.2937324806757715e-09,58.849344135802475,20260707_141324_cam1,3840
False,False,False,False,fixed_exposure,6.248880000000001,6.248880000000001,5.85984,1871.01696,1201.8304799999999,2160,tools/yolo/workspace/runs/fixed_exposure_traditional_roi_3000_20260707/images/raw_fixed/fixed__20260707_141324_cam1_frame_000090.jpg,0.0,0.0,False,False,0.0,False,False,False,False,False,False,False,0.0,0.0,non_p2,0.0,0.0,0,1.9972402637985498e-12,2.478066107869381e-06,9.10017448063627e-08,99.22839506172839,5.280193752528863e-16,5.410539724581831e-11,3.693025533546123e-15,92.74691358024691,4.204357972881212e-10,0.0008793580927886069,1.394740536397876e-07,87.04668209876543,20260707_141324_cam1,3840
False,False,False,False,fixed_exposure,7.0632,7.0632,6.81984,1867.59168,1195.7976,2160,tools/yolo/workspace/runs/fixed_exposure_traditional_roi_3000_20260707/images/raw_fixed/fixed__20260707_141324_cam1_frame_000091.jpg,0.015429707244038582,0.015429707244038582,False,False,0.0,False,False,True,True,True,True,False,0.42857791210786284,0.015429707244038582,non_p2,0.015429707244038582,0.015429707244038582,1,1.4583339744134172e-11,5.366454388422426e-06,1.9344510437946383e-09,92.47685185185185,7.843372625644315e-16,2.965801770837828e-10,8.80892559925199e-16,89.2746913580247,8.028405864024535e-05,0.015429709106683731,0.015429709106683731,100.0,20260707_141324_cam1,3840
False,False,False,False,fixed_exposure,6.588,6.588,6.2323200000000005,1864.4236799999999,1191.11472,2160,tools/yolo/workspace/runs/fixed_exposure_traditional_roi_3000_20260707/images/raw_fixed/fixed__20260707_141324_cam1_frame_000092.jpg,0.0,0.0,False,False,0.0,False,False,False,False,False,False,False,0.0,0.0,non_p2,0.0,0.0,0,1.157375063842725e-11,1.6449788518002606e-06,1.8681742375292743e-08,98.26388888888889,1.2254033059466251e-15,6.57872298304163e-11,2.179997049645368e-15,90.74074074074075,7.637200383214804e-08,0.000878655060660094,1.3482305803336203e-05,99.93730709876543,20260707_141324_cam1,3840
False,False,False,False,fixed_exposure,6.9768,6.9768,6.91584,1860.7104,1187.3736000000001,2160,tools/yolo/workspace/runs/fixed_exposure_traditional_roi_3000_20260707/images/raw_fixed/fixed__20260707_141324_cam1_frame_000093.jpg,0.0,0.0,False,False,0.0,False,False,False,False,False,False,False,0.0,0.0,non_p2,0.0,0.0,0,5.464331678112222e-12,2.3943000996951014e-05,2.7374383648748335e-08,98.93904320987654,8.928143368995664e-16,8.99666313669556e-11,3.881109623000414e-15,94.9074074074074,0.0002512785140424967,0.0002512785140424967,0.0002512785140424967,100.0,20260707_141324_cam1,3840
True,True,True,True,fixed_exposure,6.534,6.534,6.07104,1857.58464,1184.57424,2160,tools/yolo/workspace/runs/fixed_exposure_traditional_roi_3000_20260707/images/raw_fixed/fixed__20260707_141324_cam1_frame_000094.jpg,0.6287701725959778,0.6287701725959778,True,True,0.6287701725959778,True,True,True,True,True,True,True,0.5315233078851863,0.6287701725959778,non_p2,0.6287701725959778,0.6287701725959778,2,1.584471616411509e-11,1.0542679547143052e-06,6.4272045463553695e-09,96.23842592592592,2.863409171874147e-16,8.113167256074139e-12,8.205561266912294e-16,85.03086419753086,0.004781818948686123,0.6287701725959778,0.6287701725959778,100.0,20260707_141324_cam1,3840
True,True,True,True,fixed_exposure,6.50592,6.6432,6.6432,1854.432,1183.07736,2160,tools/yolo/workspace/runs/fixed_exposure_traditional_roi_3000_20260707/images/raw_fixed/fixed__20260707_141324_cam1_frame_000095.jpg,0.8080015182495117,0.8080015182495117,True,True,0.8080015182495117,True,True,True,True,True,True,True,0.6457506129265479,0.8080015182495117,non_p2,0.8080015182495117,0.8080015182495117,1,1.025430261536453e-11,3.36022385454271e-05,9.833138747694647e-09,97.2993827160494,1.6848724106573393e-16,6.26566645789417e-11,1.4291863040453274e-15,88.96604938271605,5.0165908760391176e-06,0.8080015182495117,0.8080015182495117,100.0,20260707_141324_cam1,3840
True,True,True,True,fixed_exposure,6.7608,6.7608,6.5472,1850.7648,1182.66912,2160,tools/yolo/workspace/runs/fixed_exposure_traditional_roi_3000_20260707/images/raw_fixed/fixed__20260707_141324_cam1_frame_000096.jpg,0.5889842510223389,0.5889842510223389,True,True,0.5889842510223389,True,True,True,True,True,True,True,0.614786758236015,0.5889842510223389,non_p2,0.5889842510223389,0.5889842510223389,1,1.3879674319594582e-12,3.113948696409352e-05,1.5943013575991927e-09,90.33564814814815,4.997986197305372e-16,1.4447244789383973e-10,8.348845360269831e-16,84.41358024691358,1.647424974215994e-09,0.5889842510223389,0.5889842510223389,100.0,20260707_141324_cam1,3840
True,True,True,True,fixed_exposure,5.60952,5.60952,5.5910400000000005,1847.86176,1183.35816,2160,tools/yolo/workspace/runs/fixed_exposure_traditional_roi_3000_20260707/images/raw_fixed/fixed__20260707_141324_cam1_frame_000097.jpg,0.7604356408119202,0.7604356408119202,True,True,0.0,False,False,True,True,True,True,False,0.37242032915516177,0.7604356408119202,non_p2,0.7604356408119202,0.7604356408119202,3,6.5794973636013054e-12,9.726835742185358e-06,2.1076351774951263e-09,91.53163580246914,2.1737348291871986e-16,1.0891031132498341e-10,9.908599887310278e-16,85.80246913580247,0.7604356408119202,0.7604356408119202,0.7604356408119202,100.0,20260707_141324_cam1,3840
True,True,True,True,fixed_exposure,6.34176,6.34176,6.07872,1844.13312,1185.48144,2160,tools/yolo/workspace/runs/fixed_exposure_traditional_roi_3000_20260707/images/raw_fixed/fixed__20260707_141324_cam1_frame_000098.jpg,0.7215167880058289,0.7215167880058289,True,True,0.0,False,False,True,True,True,True,False,0.4818278237854105,0.7215167880058289,non_p2,0.7215167880058289,0.7215167880058289,3,1.2378560849957143e-11,3.1273555123334518e-06,8.701050546733313e-09,97.14506172839506,5.809055184410438e-16,1.790131064216549e-11,3.364539803853801e-15,93.59567901234568,0.7215167880058289,0.7215167880058289,0.7215167880058289,100.0,20260707_141324_cam1,3840
False,False,False,False,fixed_exposure,6.02208,6.02208,5.936640000000001,1840.92672,1188.0431999999998,2160,tools/yolo/workspace/runs/fixed_exposure_traditional_roi_3000_20260707/images/raw_fixed/fixed__20260707_141324_cam1_frame_000099.jpg,0.01637752540409565,0.01637752540409565,False,False,0.01637752540409565,False,False,True,True,True,True,True,0.5034735056258894,0.01637752540409565,non_p2,0.01637752540409565,0.01637752540409565,1,7.470056517799861e-11,2.823634076776216e-06,2.1528558935557385e-09,93.05555555555556,2.6080601843751425e-15,4.534671683292801e-12,2.878589802233957e-15,94.75308641975309,0.01637752540409565,0.01637752540409565,0.01637752540409565,100.0,20260707_141324_cam1,3840
False,False,False,False,fixed_exposure,5.93352,5.93352,5.78688,1837.3708800000002,1192.32216,2160,tools/yolo/workspace/runs/fixed_exposure_traditional_roi_3000_20260707/images/raw_fixed/fixed__20260707_141324_cam1_frame_000100.jpg,0.0,0.0,False,False,0.0,False,False,False,False,False,False,False,0.0,0.0,non_p2,0.0,0.0,0,4.621810920091285e-11,2.3595778202434303e-06,7.713685246102386e-10,84.04706790123457,2.0542162568681303e-15,1.1601382354786693e-10,2.0542162568681303e-15,90.12345679012346,1.900255824693886e-06,0.000470233935629949,0.00024103623582050204,99.9951774691358,20260707_141324_cam1,3840
False,False,False,False,fixed_exposure,5.7888,5.7888,5.76384,1834.16832,1197.66168,2160,tools/yolo/workspace/runs/fixed_exposure_traditional_roi_3000_20260707/images/raw_fixed/fixed__20260707_141324_cam1_frame_000101.jpg,0.0,0.0,False,False,0.0,False,False,False,False,False,False,False,0.0,0.0,non_p2,0.0,0.0,0,1.188765197390751e-10,3.0946255265007494e-06,7.639222587840777e-09,96.72067901234568,1.3054500977651554e-23,5.249198645196351e-11,9.036797579095894e-16,86.65123456790124,1.0105867531695623e-10,0.00037809397326782346,5.127251401226829e-10,47.89737654320987,20260707_141324_cam1,3840
False,False,False,False,fixed_exposure,6.276960000000001,6.40512,6.40512,1827.27936,1211.07312,2160,tools/yolo/workspace/runs/fixed_exposure_traditional_roi_3000_20260707/images/raw_fixed/fixed__20260707_141324_cam1_frame_000103.jpg,0.0,0.0,False,False,0.0,False,False,False,False,False,False,False,0.0,0.003096124390140176,non_p2,0.0,0.0,2,3.08626874057083e-11,1.5020387991171447e-06,9.268789069594163e-10,85.82175925925925,2.5917386126811986e-20,6.52175258242238e-11,5.109042275206659e-15,94.83024691358025,2.9871320972318927e-09,0.003096124390140176,2.768518037044032e-08,75.88734567901234,20260707_141324_cam1,3840
False,False,False,False,fixed_exposure,6.2553600000000005,6.2553600000000005,5.7561599999999995,1816.96128,1240.49232,2160,tools/yolo/workspace/runs/fixed_exposure_traditional_roi_3000_20260707/images/raw_fixed/fixed__20260707_141324_cam1_frame_000106.jpg,0.0,0.0,False,False,0.0,False,False,False,False,False,False,False,0.0,0.04409458488225937,non_p2,0.0,0.0,2,3.5605166037733227e-10,0.0002057055098703131,1.4768913869644962e-09,89.56404320987654,3.588179795334986e-15,1.0065182021179453e-10,3.588179795334986e-15,93.3641975308642,1.9371093618048008e-09,0.04409458115696907,1.6285495618717505e-08,75.31346450617285,20260707_141324_cam1,3840
False,False,False,False,fixed_exposure,6.34608,6.34608,5.96736,1812.8447999999999,1252.35072,2160,tools/yolo/workspace/runs/fixed_exposure_traditional_roi_3000_20260707/images/raw_fixed/fixed__20260707_141324_cam1_frame_000107.jpg,0.0,0.0,False,False,0.0,False,False,False,False,False,False,False,0.0,0.0,non_p2,0.0,0.0,0,9.648734589084995e-11,4.053642442158889e-06,4.225769512089528e-09,94.63734567901234,3.3184732817426654e-15,8.395398265470533e-11,3.3184732817426654e-15,90.97222222222221,4.439586476223667e-10,0.0003153019060846418,1.252033943188735e-08,69.1213348765432,20260707_141324_cam1,3840
False,False,False,False,fixed_exposure,5.6268,5.6268,5.1072,1791.64416,1349.1014400000001,2160,tools/yolo/workspace/runs/fixed_exposure_traditional_roi_3000_20260707/images/raw_fixed/fixed__20260707_141324_cam1_frame_000113.jpg,0.0,0.0,False,False,0.0,False,False,False,False,False,False,False,0.0,0.0,non_p2,0.0,0.0,0,2.6187576412928237e-11,7.615150479978183e-06,1.266304394675899e-08,97.64660493827161,5.894280463189614e-16,1.6429055338385012e-10,4.3667457989133e-15,93.59567901234568,2.9756958497273445e-07,0.00022545245883520693,6.661487077508355e-07,97.36207561728395,20260707_141324_cam1,3840
False,False,False,False,fixed_exposure,6.2748,6.2748,5.76768,1786.7712000000001,1369.3039199999998,2160,tools/yolo/workspace/runs/fixed_exposure_traditional_roi_3000_20260707/images/raw_fixed/fixed__20260707_141324_cam1_frame_000114.jpg,0.0,0.0,False,False,0.0,False,False,False,False,False,False,False,0.0,0.0044355629943311214,non_p2,0.0,0.0,2,2.267828980162534e-11,1.283202209378942e-06,2.3508781588077454e-09,92.41898148148148,1.6373882730298553e-16,2.0637173914206386e-10,3.676986541173389e-15,93.98148148148148,4.0343985574509134e-07,0.0044355629943311214,1.1631991583271883e-06,99.10300925925925,20260707_141324_cam1,3840
False,False,False,False,fixed_exposure,6.836399999999999,6.836399999999999,6.42048,1780.1510400000002,1413.15408,2160,tools/yolo/workspace/runs/fixed_exposure_traditional_roi_3000_20260707/images/raw_fixed/fixed__20260707_141324_cam1_frame_000116.jpg,0.0,0.0,False,False,0.0,False,False,False,False,False,False,False,0.0,0.0,non_p2,0.0,0.0,0,8.731227546521225e-12,4.416063802636927e-06,2.454309422361689e-09,92.68904320987654,5.531904680579851e-17,3.296557818388557e-11,5.0443027000150655e-15,95.67901234567901,7.475325913830488e-12,0.0008125404128804803,3.383755853292314e-08,87.94367283950618,20260707_141324_cam1,3840
False,False,False,False,fixed_exposure,5.75856,5.75856,5.54496,1776.66048,1419.98184,2160,tools/yolo/workspace/runs/fixed_exposure_traditional_roi_3000_20260707/images/raw_fixed/fixed__20260707_141324_cam1_frame_000117.jpg,0.0,0.0,False,False,0.0,False,False,False,False,False,False,False,0.0,0.0,non_p2,0.0,0.0,0,2.9104010867975205e-11,2.9451052796503063e-06,1.8338435214815263e-09,91.31944444444444,1.8202532895703e-16,3.103168069729101e-11,5.131425967870801e-15,95.83333333333334,1.3296499012938057e-08,0.0002423908736091107,9.414329582568826e-08,91.56539351851852,20260707_141324_cam1,3840
False,False,False,False,fixed_exposure,6.108479999999999,6.108479999999999,5.98272,1772.65152,1401.6456,2160,tools/yolo/workspace/runs/fixed_exposure_traditional_roi_3000_20260707/images/raw_fixed/fixed__20260707_141324_cam1_frame_000118.jpg,0.0,0.0,False,False,0.0,False,False,False,False,False,False,False,0.0,0.0057683405466377735,non_p2,0.0,0.0,3,4.263158923101251e-11,3.0500543289235793e-05,6.870191526786584e-09,96.21913580246914,1.001714292433618e-15,1.4745572818330999e-10,5.364637008139486e-15,94.05864197530865,8.702681242311883e-08,0.0057683405466377735,2.049893339517439e-07,93.22916666666666,20260707_141324_cam1,3840
False,False,False,False,fixed_exposure,6.1776,6.1776,5.65248,1770.0672,1385.44128,2160,tools/yolo/workspace/runs/fixed_exposure_traditional_roi_3000_20260707/images/raw_fixed/fixed__20260707_141324_cam1_frame_000119.jpg,0.0,0.0,False,False,0.0,False,False,False,False,False,False,False,0.0,0.0,non_p2,0.0,0.0,0,1.6273742076133857e-10,1.7318126310783555e-06,4.633033512391194e-09,94.8881172839506,1.2619021674020498e-15,4.097041456097017e-11,5.437053666448519e-15,95.5246913580247,9.220007086696569e-07,6.268986908253282e-05,9.220007086696569e-07,98.4519675925926,20260707_141324_cam1,3840
False,False,False,False,fixed_exposure,6.14952,6.15168,6.15168,1767.40608,1374.14232,2160,tools/yolo/workspace/runs/fixed_exposure_traditional_roi_3000_20260707/images/raw_fixed/fixed__20260707_141324_cam1_frame_000120.jpg,0.0,0.0,False,False,0.0,False,False,False,False,False,False,False,0.0,0.001246943837031722,non_p2,0.0,0.0,1,3.556205330212947e-11,4.222949064569548e-05,6.017527587331983e-10,82.48456790123457,1.008319984751899e-15,2.097009010881834e-09,7.147908601004647e-15,95.13888888888889,1.7326651402527204e-07,0.0012469437206164002,4.381583380563825e-07,96.37827932098766,20260707_141324_cam1,3840
False,False,False,False,fixed_exposure,4.8924,4.8924,4.8768,1764.26112,1359.3765600000002,2160,tools/yolo/workspace/runs/fixed_exposure_traditional_roi_3000_20260707/images/raw_fixed/fixed__20260707_141324_cam1_frame_000121.jpg,0.0,0.0,False,False,0.0,False,False,False,False,False,False,False,0.0,0.001056474051438272,non_p2,0.0,0.0,1,1.859154219463477e-10,2.0719110125355655e-06,2.9341187812725877e-10,77.44984567901234,2.2320518829353547e-15,8.806898960100895e-11,5.838449451141649e-15,94.44444444444444,1.3599463777325127e-08,0.0010564739350229502,6.058312465029303e-07,98.00829475308642,20260707_141324_cam1,3840
False,False,False,False,fixed_exposure,5.76072,5.9904,5.9904,1760.6976,1347.3626399999998,2160,tools/yolo/workspace/runs/fixed_exposure_traditional_roi_3000_20260707/images/raw_fixed/fixed__20260707_141324_cam1_frame_000122.jpg,0.0,0.0,False,False,0.0,False,False,False,False,False,False,False,0.0,0.0,non_p2,0.0,0.0,0,5.313445516907933e-11,8.236112876147672e-07,3.438258289190088e-10,78.81944444444444,7.627329460908818e-16,9.482110929770471e-11,8.951713543060673e-15,95.67901234567901,7.80831186375508e-08,0.00048231956316158175,5.481488187797368e-07,97.53086419753086,20260707_141324_cam1,3840
False,False,False,False,fixed_exposure,5.5188,5.5188,5.44128,1758.0096,1337.60376,2160,tools/yolo/workspace/runs/fixed_exposure_traditional_roi_3000_20260707/images/raw_fixed/fixed__20260707_141324_cam1_frame_000123.jpg,0.0,0.0,False,False,0.0,False,False,False,False,False,False,False,0.0,0.0,non_p2,0.0,0.0,0,9.299637726556398e-10,3.0304147458082298e-06,4.647442430893989e-09,95.3317901234568,8.851063900191115e-16,2.8855992248444373e-11,6.071930694920508e-15,94.98456790123457,9.479751206242781e-09,0.0004393212147988379,7.076362180669094e-07,98.17708333333334,20260707_141324_cam1,3840
False,False,False,False,fixed_exposure,6.35472,6.35472,6.2208,1755.88608,1327.71312,2160,tools/yolo/workspace/runs/fixed_exposure_traditional_roi_3000_20260707/images/raw_fixed/fixed__20260707_141324_cam1_frame_000124.jpg,0.0,0.0,False,False,0.0,False,False,False,False,False,False,False,0.0,0.006363537162542343,non_p2,0.0,0.0,5,4.357386673703445e-11,2.7551714083529077e-05,2.3935078363734874e-09,91.41589506172839,1.1480286461599577e-15,1.2941783755771041e-10,2.2489317672664752e-15,87.42283950617285,2.028024937317241e-06,0.0063635376282036304,2.028024937317241e-06,98.0613425925926,20260707_141324_cam1,3840
False,False,False,False,fixed_exposure,6.17544,6.17544,5.825279999999999,1751.10144,1318.36248,2160,tools/yolo/workspace/runs/fixed_exposure_traditional_roi_3000_20260707/images/raw_fixed/fixed__20260707_141324_cam1_frame_000125.jpg,0.0,0.0,False,False,0.0,False,False,False,False,False,False,False,0.0,0.003882873337715864,non_p2,0.0,0.0,3,3.66157590359073e-11,5.700335805158829e-06,5.352673859704282e-09,96.10339506172839,1.072859766047059e-15,5.894228161107407e-11,5.1810320289102756e-15,95.98765432098766,5.42098121059098e-07,0.003882873337715864,1.884075004454644e-06,99.51292438271605,20260707_141324_cam1,3840
False,False,False,False,fixed_exposure,6.3072,6.3072,6.08256,1749.25824,1314.27144,2160,tools/yolo/workspace/runs/fixed_exposure_traditional_roi_3000_20260707/images/raw_fixed/fixed__20260707_141324_cam1_frame_000126.jpg,0.0,0.0,False,False,0.0,False,False,False,False,False,False,False,0.0,0.0,non_p2,0.0,0.0,0,1.1059732990537086e-10,1.6745747188906535e-06,1.543455918628922e-09,90.74074074074075,2.034019391515562e-16,4.835401523628491e-11,1.9998750698952674e-15,92.43827160493827,1.0716552623080133e-07,0.00023426399275194854,1.599714096300886e-06,99.57079475308642,20260707_141324_cam1,3840
False,False,False,False,fixed_exposure,5.0803199999999995,5.55264,5.55264,1745.37984,1307.0462400000001,2160,tools/yolo/workspace/runs/fixed_exposure_traditional_roi_3000_20260707/images/raw_fixed/fixed__20260707_141324_cam1_frame_000127.jpg,0.0,0.0,False,False,0.0,False,False,False,False,False,False,False,0.0,0.13701117038726807,non_p2,0.0,0.0,2,4.6575805712212315e-11,0.00013464796938933432,3.4060807507785285e-09,94.32870370370371,7.119060458766178e-16,3.2821670381544266e-10,3.978000027770939e-15,92.43827160493827,1.6661464030676143e-07,0.13701118528842926,1.6705391772120493e-06,98.8136574074074,20260707_141324_cam1,3840
False,False,False,False,fixed_exposure,5.7758400000000005,5.7758400000000005,5.55264,1742.08512,1301.6916,2160,tools/yolo/workspace/runs/fixed_exposure_traditional_roi_3000_20260707/images/raw_fixed/fixed__20260707_141324_cam1_frame_000128.jpg,0.0,0.0,False,False,0.0,False,False,False,False,False,False,False,0.0,0.0,non_p2,0.0,0.0,0,2.7519367340467227e-10,1.1299493962724227e-05,3.923224856094976e-09,94.86882716049382,2.7686809775201665e-16,1.4759360400518062e-10,2.176673292360342e-15,91.66666666666666,3.2661457538551986e-08,9.276061609853059e-05,7.553624072897946e-07,98.71720679012346,20260707_141324_cam1,3840
False,False,False,False,fixed_exposure,5.276879999999999,5.276879999999999,4.94208,1738.5984,1298.3824800000002,2160,tools/yolo/workspace/runs/fixed_exposure_traditional_roi_3000_20260707/images/raw_fixed/fixed__20260707_141324_cam1_frame_000129.jpg,0.0,0.0,False,False,0.0,False,False,False,False,False,False,False,0.0,0.01128438115119934,non_p2,0.0,0.0,2,9.960929858721101e-10,4.895161691820249e-05,2.3328816656231766e-09,92.5733024691358,1.5044397815738332e-15,1.4804414638636132e-10,8.574397634508561e-15,95.60185185185185,2.471796278769034e-08,0.011284382082521915,3.722905717040703e-07,95.40895061728395,20260707_141324_cam1,3840
False,False,False,False,fixed_exposure,5.0500799999999995,5.0500799999999995,5.00352,1735.54944,1296.0777600000001,2160,tools/yolo/workspace/runs/fixed_exposure_traditional_roi_3000_20260707/images/raw_fixed/fixed__20260707_141324_cam1_frame_000130.jpg,0.0,0.0,False,False,0.0,False,False,False,False,False,False,False,0.0,0.012244180776178837,non_p2,0.0,0.0,1,3.029280826183367e-09,5.071084160590544e-06,3.029280826183367e-09,93.61496913580247,2.6749753636917586e-15,1.1436866731440176e-10,4.7998489914374744e-15,95.2932098765432,1.1499452767793628e-07,0.012244180776178837,1.643233645154396e-06,99.29591049382715,20260707_141324_cam1,3840
False,False,False,False,fixed_exposure,4.97232,4.97232,4.853759999999999,1731.3216,1295.71272,2160,tools/yolo/workspace/runs/fixed_exposure_traditional_roi_3000_20260707/images/raw_fixed/fixed__20260707_141324_cam1_frame_000131.jpg,0.0,0.0,False,False,0.0,False,False,False,False,False,False,False,0.0,0.0017086301231756806,non_p2,0.0,0.0,1,1.4006042992065204e-09,1.5145675433814176e-06,1.4006042992065204e-09,88.96604938271605,1.4313906014114383e-15,1.0429089536412306e-10,4.373180708213591e-15,94.36728395061729,8.960384434431035e-09,0.0017086301231756806,2.294894784427015e-06,98.99209104938271,20260707_141324_cam1,3840
False,False,False,False,fixed_exposure,5.1408000000000005,5.1408000000000005,4.8192,1729.1519999999998,1295.3498399999999,2160,tools/yolo/workspace/runs/fixed_exposure_traditional_roi_3000_20260707/images/raw_fixed/fixed__20260707_141324_cam1_frame_000132.jpg,0.0,0.0,False,False,0.0,False,False,False,False,False,False,False,0.0,0.004055508878082037,non_p2,0.0,0.0,1,5.287617010907297e-10,3.1065690563991666e-05,5.287617010907297e-10,80.72916666666666,2.065799432421833e-15,8.351160041275563e-11,7.330016449499585e-15,95.9104938271605,8.364290948748021e-08,0.004055508878082037,1.7350875225474738e-07,93.26292438271605,20260707_141324_cam1,3840
False,False,False,False,fixed_exposure,5.02632,5.25312,5.25312,1725.62688,1296.3996,2160,tools/yolo/workspace/runs/fixed_exposure_traditional_roi_3000_20260707/images/raw_fixed/fixed__20260707_141324_cam1_frame_000133.jpg,0.0,0.0,False,False,0.0,False,False,False,False,False,False,False,0.0,0.0037980605848133564,non_p2,0.0,0.0,3,3.3260305620785857e-09,2.6977609195455443e-06,3.3260305620785857e-09,93.80787037037037,2.4683857219223292e-15,1.6908396904824485e-10,2.8973623816857174e-15,92.74691358024691,5.94185962654592e-08,0.0037980605848133564,6.399964149750303e-07,97.35243055555556,20260707_141324_cam1,3840
False,False,False,False,fixed_exposure,4.851360000000001,4.851360000000001,4.47744,1722.45504,1298.4429599999999,2160,tools/yolo/workspace/runs/fixed_exposure_traditional_roi_3000_20260707/images/raw_fixed/fixed__20260707_141324_cam1_frame_000134.jpg,0.0,0.0,False,False,0.0,False,False,False,False,False,False,False,0.0,0.0,non_p2,0.0,0.0,0,6.0562768133820555e-09,3.3198291475855513e-06,6.0562768133820555e-09,96.06481481481481,3.5639118778796764e-15,2.0357177055174702e-10,5.697635305858305e-15,94.83024691358025,1.7724740075664158e-07,0.00028735335217788815,2.9515450705730473e-07,95.17264660493827,20260707_141324_cam1,3840
False,False,False,False,fixed_exposure,4.81032,4.81032,4.80384,1718.33856,1302.01992,2160,tools/yolo/workspace/runs/fixed_exposure_traditional_roi_3000_20260707/images/raw_fixed/fixed__20260707_141324_cam1_frame_000135.jpg,0.0,0.0,False,False,0.0,False,False,False,False,False,False,False,0.0,0.02491731382906437,non_p2,0.0,0.0,1,2.0861467935062716e-12,1.8163124195780256e-06,2.0597858974014116e-09,91.53163580246914,6.2713662964174275e-16,1.1933723453871892e-10,1.07344517169273e-15,79.32098765432099,1.554991854391119e-06,0.024917317554354668,6.745105110894656e-06,99.49845679012346,20260707_141324_cam1,3840
False,False,False,False,fixed_exposure,4.38264,4.47744,4.47744,1714.89024,1307.2039200000002,2160,tools/yolo/workspace/runs/fixed_exposure_traditional_roi_3000_20260707/images/raw_fixed/fixed__20260707_141324_cam1_frame_000136.jpg,0.0,0.0,False,False,0.0,False,False,False,False,False,False,False,0.0,0.3199469745159149,non_p2,0.0,0.0,1,6.746403349161545e-12,3.580403472369653e-06,8.691330322108115e-09,96.73996913580247,8.612847530478868e-16,1.1837016089533137e-10,3.960859469050301e-15,93.05555555555556,7.343166430473502e-07,0.3199469745159149,3.2944435588433407e-06,99.5756172839506,20260707_141324_cam1,3840
False,False,False,False,fixed_exposure,6.91416,6.91416,6.56256,1704.86784,1325.05632,2160,tools/yolo/workspace/runs/fixed_exposure_traditional_roi_3000_20260707/images/raw_fixed/fixed__20260707_141324_cam1_frame_000139.jpg,0.0,0.0,False,False,0.0,False,False,False,False,False,False,False,0.0,0.017281094565987587,non_p2,0.0,0.0,2,5.371566472872624e-12,4.300662567402469e-06,2.0284243174018e-09,90.52854938271605,8.006250179258621e-16,1.0678728734614396e-10,1.900702123090129e-15,81.6358024691358,4.704591901827371e-06,0.017281094565987587,4.704591901827371e-06,98.50019290123457,20260707_141324_cam1,3840
False,False,False,False,fixed_exposure,6.07824,6.22848,6.22848,1700.22144,1336.8304799999999,2160,tools/yolo/workspace/runs/fixed_exposure_traditional_roi_3000_20260707/images/raw_fixed/fixed__20260707_141324_cam1_frame_000140.jpg,0.0,0.0,False,False,0.0,False,False,False,False,False,False,False,0.0,0.017430394887924194,non_p2,0.0,0.0,3,3.68966576042018e-12,1.108748620026745e-06,4.802116482238716e-09,95.48611111111111,3.1330346879408864e-15,1.1056337095860513e-10,4.980744735784892e-15,93.75,2.8045258559927788e-08,0.017430394887924194,3.214424282305117e-07,95.20640432098766,20260707_141324_cam1,3840
False,False,False,False,fixed_exposure,7.12368,7.12368,6.79296,1698.22464,1343.9584799999998,2160,tools/yolo/workspace/runs/fixed_exposure_traditional_roi_3000_20260707/images/raw_fixed/fixed__20260707_141324_cam1_frame_000141.jpg,0.0,0.0,False,False,0.0,False,False,False,False,False,False,False,0.0,0.0,non_p2,0.0,0.0,0,2.7276492176042666e-09,2.184633103752276e-06,2.7276492176042666e-09,92.97839506172839,9.928540101679828e-16,1.4418037597163647e-10,6.3268283197377446e-15,94.83024691358025,3.951373273025638e-08,2.9318385713850148e-05,3.768960539218824e-07,97.55497685185185,20260707_141324_cam1,3840
False,False,False,False,fixed_exposure,7.726319999999999,7.9257599999999995,7.9257599999999995,1693.1865599999999,1356.15168,2160,tools/yolo/workspace/runs/fixed_exposure_traditional_roi_3000_20260707/images/raw_fixed/fixed__20260707_141324_cam1_frame_000142.jpg,0.0,0.0,False,False,0.0,False,False,False,False,False,False,False,0.0,0.0,non_p2,0.0,0.0,0,2.9943467150239655e-10,1.6330790231222636e-06,7.50331741183885e-10,84.54861111111111,5.511078840324387e-15,1.289573031693081e-10,1.0636385842184223e-14,96.37345679012346,5.022373628094101e-08,0.0002096186944982037,4.0783632471175224e-07,97.09201388888889,20260707_141324_cam1,3840
False,False,False,False,fixed_exposure,7.68312,7.68312,7.46112,1678.0684800000001,1412.1064800000001,2160,tools/yolo/workspace/runs/fixed_exposure_traditional_roi_3000_20260707/images/raw_fixed/fixed__20260707_141324_cam1_frame_000146.jpg,0.0,0.0,False,False,0.0,False,False,False,False,False,False,False,0.0,0.01648206077516079,non_p2,0.0,0.0,1,1.3200990300887838e-10,3.4168233469245024e-06,5.211793219217498e-09,95.64043209876543,6.964397642432582e-15,7.506577304194906e-11,1.1708061244412784e-14,96.14197530864197,5.734418451197598e-08,0.01648206077516079,5.742166990785336e-07,97.91184413580247,20260707_141324_cam1,3840
False,False,False,False,fixed_exposure,5.37192,5.402880000000001,5.402880000000001,1667.41632,1389.35304,2160,tools/yolo/workspace/runs/fixed_exposure_traditional_roi_3000_20260707/images/raw_fixed/fixed__20260707_141324_cam1_frame_000150.jpg,0.0,0.0,False,False,0.0,False,False,False,False,False,False,False,0.0,0.0,non_p2,0.0,0.0,0,5.152856613621637e-11,1.601930762262782e-06,2.139046051397031e-09,91.7631172839506,2.653216993100927e-15,9.782974430549984e-11,8.110679283138827e-15,95.44753086419753,3.804371928595174e-08,0.0009993278654292226,4.1432676312069816e-07,94.28530092592592,20260707_141324_cam1,3840
False,False,False,False,fixed_exposure,6.65712,6.65712,6.20928,1666.0454399999999,1380.4927200000002,2160,tools/yolo/workspace/runs/fixed_exposure_traditional_roi_3000_20260707/images/raw_fixed/fixed__20260707_141324_cam1_frame_000151.jpg,0.0,0.0,False,False,0.0,False,False,False,False,False,False,False,0.0,0.0014383627567440271,non_p2,0.0,0.0,1,8.862810485510408e-11,4.261050435161451e-06,5.944577718963728e-09,96.33487654320987,2.9950417976466097e-15,7.748954949926556e-11,6.005678742401592e-15,95.75617283950618,8.423798547596562e-09,0.0014383626403287053,6.600551500923757e-07,97.63213734567901,20260707_141324_cam1,3840
False,False,False,False,fixed_exposure,6.6636,6.6636,6.50112,1663.97568,1371.8851200000001,2160,tools/yolo/workspace/runs/fixed_exposure_traditional_roi_3000_20260707/images/raw_fixed/fixed__20260707_141324_cam1_frame_000152.jpg,0.0,0.0,False,False,0.0,False,False,False,False,False,False,False,0.0,0.0,non_p2,0.0,0.0,0,1.9101452364278515e-10,0.00010783196921693161,5.112623102654368e-10,80.6520061728395,2.658221687269779e-15,1.0044029497002782e-10,5.343925782029697e-15,95.13888888888889,3.064388209850222e-08,0.0004507285193540156,7.063841280796623e-07,97.62731481481481,20260707_141324_cam1,3840
False,False,False,False,fixed_exposure,6.62256,6.62256,6.27456,1661.0688,1366.61256,2160,tools/yolo/workspace/runs/fixed_exposure_traditional_roi_3000_20260707/images/raw_fixed/fixed__20260707_141324_cam1_frame_000153.jpg,0.0,0.0,False,False,0.0,False,False,False,False,False,False,False,0.0,0.006270185112953186,non_p2,0.0,0.0,1,2.4855797975398275e-10,1.4017776948094252e-06,3.28911703428858e-10,76.23456790123457,2.2595086676788396e-15,8.211379354250425e-10,4.9687511727682446e-15,93.20987654320987,2.623091290843149e-07,0.006270185112953186,1.570128915773239e-06,98.59664351851852,20260707_141324_cam1,3840
False,False,False,False,fixed_exposure,5.89896,5.9712,5.9712,1636.3968,1369.3103999999998,2160,tools/yolo/workspace/runs/fixed_exposure_traditional_roi_3000_20260707/images/raw_fixed/fixed__20260707_141324_cam1_frame_000163.jpg,0.0,0.0,False,False,0.0,False,False,False,False,False,False,False,0.0,0.009397942572832108,non_p2,0.0,0.0,1,4.0968693715282e-11,1.6368680007872172e-05,5.05975483733323e-09,95.38966049382715,8.792978086437559e-16,1.4092052524894427e-10,2.8524103431749317e-15,90.35493827160494,2.524431693018414e-06,0.009397942572832108,2.524431693018414e-06,99.2139274691358,20260707_141324_cam1,3840
False,False,False,False,fixed_exposure,5.514480000000001,5.514480000000001,5.1456,1633.34784,1377.7452,2160,tools/yolo/workspace/runs/fixed_exposure_traditional_roi_3000_20260707/images/raw_fixed/fixed__20260707_141324_cam1_frame_000164.jpg,0.0,0.0,False,False,0.0,False,False,False,False,False,False,False,0.0,0.0,non_p2,0.0,0.0,0,4.452643462271588e-11,1.6908112456803792e-06,2.608913973745075e-09,92.3804012345679,1.418459267043062e-15,6.202433705526644e-11,3.5461599731293576e-15,92.66975308641975,1.0429979369064313e-07,0.000322996755130589,7.365336500697595e-07,97.2608024691358,20260707_141324_cam1,3840
False,False,False,False,fixed_exposure,4.92696,4.92696,4.853759999999999,1630.64832,1384.70688,2160,tools/yolo/workspace/runs/fixed_exposure_traditional_roi_3000_20260707/images/raw_fixed/fixed__20260707_141324_cam1_frame_000165.jpg,0.0,0.0,False,False,0.0,False,False,False,False,False,False,False,0.0,0.0,non_p2,0.0,0.0,0,9.749537982495227e-11,2.4899225081753684e-06,6.086323667275906e-10,83.56481481481481,1.967300723842709e-15,7.505861210344023e-11,5.071063011917671e-15,95.06172839506173,1.3641315632639817e-08,0.00047205822193063796,1.9883279378518637e-07,94.04417438271605,20260707_141324_cam1,3840
False,False,False,False,fixed_exposure,5.7888,5.7888,5.31456,1628.07168,1392.9840000000002,2160,tools/yolo/workspace/runs/fixed_exposure_traditional_roi_3000_20260707/images/raw_fixed/fixed__20260707_141324_cam1_frame_000166.jpg,0.0,0.0,False,False,0.0,False,False,False,False,False,False,False,0.0,0.006629153620451689,non_p2,0.0,0.0,2,3.832149875204749e-11,2.2751560209144372e-06,8.380667271268294e-10,84.99228395061729,1.6162155198429316e-15,1.666290300184059e-10,5.289934207905814e-15,93.51851851851852,6.802974894526415e-08,0.006629153620451689,5.406514560490905e-07,95.65489969135803,20260707_141324_cam1,3840
False,False,False,False,fixed_exposure,4.644,4.644,4.34688,1624.8576,1401.8616,2160,tools/yolo/workspace/runs/fixed_exposure_traditional_roi_3000_20260707/images/raw_fixed/fixed__20260707_141324_cam1_frame_000167.jpg,0.0,0.0,False,False,0.0,False,False,False,False,False,False,False,0.0,0.0,non_p2,0.0,0.0,0,2.5067473097273307e-10,0.00011541595449671149,1.444292685448545e-09,89.2554012345679,2.390006163422863e-15,1.3122590514225152e-10,3.4595099849329004e-15,92.2067901234568,7.417505685225478e-07,0.000997185125015676,2.724996420511161e-06,98.99209104938271,20260707_141324_cam1,3840
False,False,False,False,fixed_exposure,4.48416,4.4928,4.4928,1621.9660800000001,1413.84744,2160,tools/yolo/workspace/runs/fixed_exposure_traditional_roi_3000_20260707/images/raw_fixed/fixed__20260707_141324_cam1_frame_000168.jpg,0.0,0.0,False,False,0.0,False,False,False,False,False,False,False,0.0,0.0,non_p2,0.0,0.0,0,7.45009262614893e-11,3.437951590967714e-06,1.274360172942579e-09,89.0625,7.557965721099926e-15,5.2303728015346e-10,7.557965721099926e-15,96.4506172839506,2.845688129582413e-07,0.00035670562647283077,8.843975365380174e-07,98.95351080246914,20260707_141324_cam1,3840
