center16_conf_0_05,center16_conf_0_25,center32_conf_0_05,center32_conf_0_25,dataset,gt_h,gt_max_dim,gt_w,gt_xc,gt_yc,height,image,iou10_conf,iou30_conf,iou30_conf_0_05,iou30_conf_0_25,iou50_conf,iou50_conf_0_05,iou50_conf_0_25,lowconf_center16,lowconf_center32,lowconf_iou10,lowconf_iou30,lowconf_iou50,max_iou,max_iou_conf,model,near16_conf,near32_conf,num_preds_low_conf,one2one_s16_score_center,one2one_s16_score_global_max,one2one_s16_score_local_max3,one2one_s16_score_percentile3,one2one_s4_score_center,one2one_s4_score_global_max,one2one_s4_score_local_max3,one2one_s4_score_percentile3,one2one_s8_score_center,one2one_s8_score_global_max,one2one_s8_score_local_max3,one2one_s8_score_percentile3,session,width
False,False,False,False,fixed_exposure,6.531840000000001,6.531840000000001,6.53184,2314.1567999999997,1213.42968,2160,tools/yolo/workspace/runs/fixed_exposure_traditional_roi_3000_20260707/images/raw_fixed/fixed__20260707_141324_cam1_frame_000021.jpg,0.0,0.0,False,False,0.0,False,False,False,False,False,False,False,0.0,0.0183012243360281,p2_no_p5,0.0,0.0,23,1.5022687094301546e-08,6.81282301684405e-07,3.6285229043642175e-08,70.96836419753086,9.758615487953648e-05,0.0183012243360281,9.758615487953648e-05,99.88667052469135,8.25983050845025e-08,5.752790457336232e-06,1.2818196637454093e-07,98.21084104938271,20260707_141324_cam1,3840
False,False,False,False,fixed_exposure,5.81688,5.8176000000000005,5.8176000000000005,2305.1711999999998,1185.17256,2160,tools/yolo/workspace/runs/fixed_exposure_traditional_roi_3000_20260707/images/raw_fixed/fixed__20260707_141324_cam1_frame_000022.jpg,0.0,0.0,False,False,0.0,False,False,False,False,False,False,False,0.0,0.012144939042627811,p2_no_p5,0.0,0.0,19,1.7473418267854868e-08,4.610637006408069e-06,3.3859638648436885e-08,65.0270061728395,1.9531066186573298e-07,0.012144939042627811,4.68112739326898e-06,97.14023919753086,2.4388739916503255e-08,2.711428351176437e-06,6.098937888054934e-08,92.54918981481481,20260707_141324_cam1,3840
False,False,False,False,fixed_exposure,7.1452800000000005,7.14624,7.14624,2295.50976,1158.83784,2160,tools/yolo/workspace/runs/fixed_exposure_traditional_roi_3000_20260707/images/raw_fixed/fixed__20260707_141324_cam1_frame_000023.jpg,0.0,0.0,False,False,0.0,False,False,False,False,False,False,False,0.0,0.04877711459994316,p2_no_p5,0.0,0.0,20,1.5493942129296556e-08,2.5010247099999106e-06,4.4126348797135506e-08,83.68055555555556,7.773522838760982e-07,0.04877711459994316,6.580980880244169e-06,98.3374324845679,7.992547068624845e-09,8.860557500156574e-06,1.140433951718478e-07,97.75270061728395,20260707_141324_cam1,3840
True,False,True,False,fixed_exposure,6.70464,6.70464,6.7046399999999995,2286.37056,1134.1404,2160,tools/yolo/workspace/runs/fixed_exposure_traditional_roi_3000_20260707/images/raw_fixed/fixed__20260707_141324_cam1_frame_000024.jpg,0.07477419823408127,0.07477419823408127,True,False,0.0,False,False,True,True,True,True,False,0.3581794455109844,0.07477419823408127,p2_no_p5,0.07477419823408127,0.07477419823408127,21,1.5439809430972673e-08,2.0792924715351546e-06,3.048456065357641e-08,56.36574074074075,1.8659184206626378e-06,0.07477420568466187,0.07477420568466187,100.0,3.1115828136307755e-08,4.334029199526412e-06,7.304319638024026e-08,94.40586419753086,20260707_141324_cam1,3840
False,False,False,False,fixed_exposure,7.06968,7.06968,6.22464,2277.10848,1110.68928,2160,tools/yolo/workspace/runs/fixed_exposure_traditional_roi_3000_20260707/images/raw_fixed/fixed__20260707_141324_cam1_frame_000025.jpg,0.0011532370699569583,0.0,False,False,0.0,False,False,True,True,True,False,False,0.2990563082989655,0.0011532370699569583,p2_no_p5,0.0011532370699569583,0.0011532370699569583,19,1.3978800339486952e-08,8.657406169731985e-07,3.246234214770993e-08,62.364969135802475,1.0462790669407696e-06,0.023303154855966568,0.0011532370699569583,99.97950424382715,3.0140324014382713e-08,6.740526714565931e-06,6.583552902839074e-08,92.7903163580247,20260707_141324_cam1,3840
False,False,False,False,fixed_exposure,6.82344,6.8236799999999995,6.8236799999999995,2259.29088,1068.23232,2160,tools/yolo/workspace/runs/fixed_exposure_traditional_roi_3000_20260707/images/raw_fixed/fixed__20260707_141324_cam1_frame_000027.jpg,0.0,0.0,False,False,0.0,False,False,False,False,False,False,False,0.0,0.024305662140250206,p2_no_p5,0.0,0.0,16,2.3645862157195552e-08,7.035791895759758e-07,4.619949223183539e-08,85.28163580246914,1.5535584907411248e-07,0.024305662140250206,3.2126481528393924e-06,95.65851658950618,3.047839669534369e-08,5.2826137107331306e-05,6.633479898709993e-08,93.1471836419753,20260707_141324_cam1,3840
True,False,True,False,fixed_exposure,6.6376800000000005,6.6376800000000005,6.21312,2251.18848,1049.06664,2160,tools/yolo/workspace/runs/fixed_exposure_traditional_roi_3000_20260707/images/raw_fixed/fixed__20260707_141324_cam1_frame_000028.jpg,0.061387740075588226,0.061387740075588226,True,False,0.0,False,False,True,True,True,True,False,0.4628295461035951,0.010759242810308933,p2_no_p5,0.061387740075588226,0.061387740075588226,24,2.475821148095747e-08,1.5273229792001075e-06,5.496076838085173e-08,91.62808641975309,0.00018020694551523775,0.061387740075588226,0.061387740075588226,100.0,2.992391401335226e-08,3.241691956645809e-06,5.386207391211428e-08,90.14756944444444,20260707_141324_cam1,3840
False,False,False,False,fixed_exposure,7.13232,7.13232,6.40512,2243.0592,1030.9917599999999,2160,tools/yolo/workspace/runs/fixed_exposure_traditional_roi_3000_20260707/images/raw_fixed/fixed__20260707_141324_cam1_frame_000029.jpg,0.0,0.0,False,False,0.0,False,False,False,False,False,False,False,0.0,0.012225758284330368,p2_no_p5,0.0,0.0,16,2.7132049496003674e-08,3.047025529667735e-06,6.269812757864202e-08,94.86882716049382,1.0205829312326387e-05,0.012225758284330368,1.0988370377162937e-05,99.04393325617285,4.166570022334781e-08,5.4102456488180906e-06,7.394721279752048e-08,94.37692901234568,20260707_141324_cam1,3840
False,False,False,False,fixed_exposure,6.5988,6.5988,6.1824,2234.4576,1014.19344,2160,tools/yolo/workspace/runs/fixed_exposure_traditional_roi_3000_20260707/images/raw_fixed/fixed__20260707_141324_cam1_frame_000030.jpg,0.0,0.0,False,False,0.0,False,False,False,False,False,False,False,0.0,0.014171013608574867,p2_no_p5,0.0,0.0,17,1.5672185327275656e-08,1.8935426169264247e-06,5.21635996619807e-08,90.4128086419753,0.0002308967086719349,0.014171013608574867,0.0002308967086719349,99.94333526234568,4.960688748667508e-09,1.701003020571079e-05,5.989078744050857e-08,91.43036265432099,20260707_141324_cam1,3840
True,False,True,False,fixed_exposure,6.71112,6.71112,6.013439999999999,2226.4550400000003,998.78616,2160,tools/yolo/workspace/runs/fixed_exposure_traditional_roi_3000_20260707/images/raw_fixed/fixed__20260707_141324_cam1_frame_000031.jpg,0.1763259768486023,0.1763259768486023,True,False,0.1763259768486023,True,False,True,True,True,True,True,0.6473180289392945,0.1763259768486023,p2_no_p5,0.1763259768486023,0.1763259768486023,17,1.826099271795556e-08,9.26547158996982e-07,4.804371656064177e-08,87.80864197530865,6.73194278988376e-07,0.1763259768486023,0.1763259768486023,100.0,2.011335453744323e-08,7.552841452707071e-06,1.6427446780653554e-07,98.87152777777779,20260707_141324_cam1,3840
True,True,True,True,fixed_exposure,6.87528,6.87528,6.8736,2218.23744,984.45024,2160,tools/yolo/workspace/runs/fixed_exposure_traditional_roi_3000_20260707/images/raw_fixed/fixed__20260707_141324_cam1_frame_000032.jpg,0.5599732995033264,0.5599732995033264,True,True,0.0,False,False,True,True,True,True,False,0.4385724015025946,0.5599732995033264,p2_no_p5,0.5599732995033264,0.5599732995033264,16,3.230952216881633e-08,8.315510626744071e-07,4.395221964159646e-08,82.71604938271605,0.00026330031687393785,0.5599732995033264,0.5599732995033264,100.0,1.6876613884164726e-08,3.2114994610310532e-06,3.8755008091584386e-08,82.89448302469135,20260707_141324_cam1,3840
True,True,True,True,fixed_exposure,6.6376800000000005,6.6376800000000005,5.7446399999999995,2210.6304,971.6111999999999,2160,tools/yolo/workspace/runs/fixed_exposure_traditional_roi_3000_20260707/images/raw_fixed/fixed__20260707_141324_cam1_frame_000033.jpg,0.41799449920654297,0.41799449920654297,True,True,0.41799449920654297,True,True,True,True,True,True,True,0.5497832471049409,0.41799449920654297,p2_no_p5,0.41799449920654297,0.41799449920654297,29,3.185238384162403e-08,1.2893084431198076e-06,6.183802980785913e-08,94.8881172839506,0.4179944694042206,0.4179944694042206,0.4179944694042206,100.0,3.2234240165962547e-08,3.995869064965518e-06,5.2969401309610475e-08,90.34529320987654,20260707_141324_cam1,3840
True,False,True,False,fixed_exposure,7.24464,7.24464,6.666239999999999,2202.92736,959.7981599999999,2160,tools/yolo/workspace/runs/fixed_exposure_traditional_roi_3000_20260707/images/raw_fixed/fixed__20260707_141324_cam1_frame_000034.jpg,0.21263745427131653,0.21263745427131653,True,False,0.0,False,False,True,True,True,True,False,0.45676049122919815,0.21263745427131653,p2_no_p5,0.21263745427131653,0.21263745427131653,20,3.7554762855052104e-08,9.036348274094053e-07,5.1872397932584136e-08,90.16203703703704,0.10313552618026733,0.21263745427131653,0.21263745427131653,100.0,1.878772870611556e-08,4.294195605325513e-06,7.139294666558271e-08,94.36728395061729,20260707_141324_cam1,3840
True,False,True,False,fixed_exposure,6.78672,6.78672,6.785279999999999,2195.2511999999997,948.96576,2160,tools/yolo/workspace/runs/fixed_exposure_traditional_roi_3000_20260707/images/raw_fixed/fixed__20260707_141324_cam1_frame_000035.jpg,0.20649491250514984,0.20649491250514984,True,False,0.20649491250514984,True,False,True,True,True,True,True,0.5232903857054314,0.20649491250514984,p2_no_p5,0.20649491250514984,0.20649491250514984,20,4.4151523326263487e-08,1.343415192422981e-06,4.984934420804166e-08,89.0432098765432,3.5989398128322136e-08,0.20649491250514984,0.20649491250514984,100.0,1.0012803919323687e-08,7.790616109559778e-06,3.5001484377517045e-08,80.60860339506173,20260707_141324_cam1,3840
True,True,True,True,fixed_exposure,7.36128,7.361280000000001,7.361280000000001,2187.52512,939.20688,2160,tools/yolo/workspace/runs/fixed_exposure_traditional_roi_3000_20260707/images/raw_fixed/fixed__20260707_141324_cam1_frame_000036.jpg,0.6033413410186768,0.6033413410186768,True,True,0.6033413410186768,True,True,True,True,True,True,True,0.6500521145813086,0.6033413410186768,p2_no_p5,0.6033413410186768,0.6033413410186768,20,6.345631220483483e-08,1.3515392538465676e-06,6.485318237992033e-08,95.64043209876543,1.5169861399044748e-05,0.6033413410186768,0.6033413410186768,100.0,3.819427440987511e-09,6.608332114410587e-06,8.224522218824859e-08,95.63560956790124,20260707_141324_cam1,3840
True,True,True,True,fixed_exposure,6.40872,6.4089599999999995,6.4089599999999995,2179.85664,930.80232,2160,tools/yolo/workspace/runs/fixed_exposure_traditional_roi_3000_20260707/images/raw_fixed/fixed__20260707_141324_cam1_frame_000037.jpg,0.3098594546318054,0.3098594546318054,True,True,0.3098594546318054,True,True,True,True,True,True,True,0.619520070551939,0.23437362909317017,p2_no_p5,0.3098594546318054,0.3098594546318054,18,2.332909510016634e-08,1.5465871001651976e-06,6.764327054042951e-08,96.00694444444444,0.23437359929084778,0.3098594546318054,0.3098594546318054,100.0,3.453944685816168e-08,6.024451522534946e-06,6.776335936820033e-08,93.57638888888889,20260707_141324_cam1,3840
True,True,True,True,fixed_exposure,6.9919199999999995,6.99264,6.99264,2172.672,923.33736,2160,tools/yolo/workspace/runs/fixed_exposure_traditional_roi_3000_20260707/images/raw_fixed/fixed__20260707_141324_cam1_frame_000038.jpg,0.6029580235481262,0.6029580235481262,True,True,0.6029580235481262,True,True,True,True,True,True,True,0.6644702662406701,0.6029580235481262,p2_no_p5,0.6029580235481262,0.6029580235481262,22,2.561334966344475e-08,1.1199763321201317e-06,7.666433532449446e-08,97.41512345679013,0.6029580235481262,0.6029580235481262,0.6029580235481262,100.0,1.5934661590222277e-08,3.568643023754703e-06,3.5898356287589195e-08,81.30304783950618,20260707_141324_cam1,3840
True,True,True,True,fixed_exposure,6.6398399999999995,6.6398399999999995,6.63936,2165.38368,917.02584,2160,tools/yolo/workspace/runs/fixed_exposure_traditional_roi_3000_20260707/images/raw_fixed/fixed__20260707_141324_cam1_frame_000039.jpg,0.4628101885318756,0.4628101885318756,True,True,0.0,False,False,True,True,True,True,False,0.42478564414001757,0.4628101885318756,p2_no_p5,0.4628101885318756,0.4628101885318756,19,2.8565800391788798e-08,1.4693921457364922e-06,8.47986925123223e-08,98.36033950617285,2.622576403155108e-06,0.4628101587295532,0.4628101587295532,100.0,1.274484784374863e-08,6.189105079101864e-06,3.977984164293957e-08,84.59683641975309,20260707_141324_cam1,3840
True,False,True,False,fixed_exposure,6.87312,6.8736,6.8736,2158.1452799999997,911.44224,2160,tools/yolo/workspace/runs/fixed_exposure_traditional_roi_3000_20260707/images/raw_fixed/fixed__20260707_141324_cam1_frame_000040.jpg,0.13487431406974792,0.13487431406974792,True,False,0.0,False,False,True,True,True,True,False,0.4890011180809653,0.13487431406974792,p2_no_p5,0.13487431406974792,0.13487431406974792,17,2.6603004243952455e-08,4.170890861132648e-06,5.765301125393307e-08,92.95910493827161,0.00042588761425577104,0.13487431406974792,0.13487431406974792,100.0,8.424122910355436e-08,3.3684991649352014e-06,8.424122910355436e-08,95.78510802469135,20260707_141324_cam1,3840
True,False,True,False,fixed_exposure,6.756480000000001,6.7584,6.7584,2151.02976,907.17192,2160,tools/yolo/workspace/runs/fixed_exposure_traditional_roi_3000_20260707/images/raw_fixed/fixed__20260707_141324_cam1_frame_000041.jpg,0.22787193953990936,0.22787193953990936,True,False,0.22787193953990936,True,False,True,True,True,True,True,0.5196662016622376,0.22787193953990936,p2_no_p5,0.22787193953990936,0.22787193953990936,21,2.504551233073471e-08,8.623251801509468e-07,9.916146126442982e-08,98.97762345679013,9.97443407868559e-07,0.22787196934223175,0.22787196934223175,100.0,3.2332639676724284e-08,2.267297895741649e-05,4.342450665717479e-08,86.20756172839506,20260707_141324_cam1,3840
True,True,True,True,fixed_exposure,6.7608,6.76224,6.76224,2143.776,904.15008,2160,tools/yolo/workspace/runs/fixed_exposure_traditional_roi_3000_20260707/images/raw_fixed/fixed__20260707_141324_cam1_frame_000042.jpg,0.7896134257316589,0.7896134257316589,True,True,0.0,False,False,True,True,True,True,False,0.4386668460674099,0.7896134257316589,p2_no_p5,0.7896134257316589,0.7896134257316589,21,2.6049772117175962e-08,4.591027789047075e-07,6.380341233125364e-08,95.2932098765432,0.7896134257316589,0.7896134257316589,0.7896134257316589,100.0,5.305005768008186e-09,8.031095603655558e-06,1.2435960172751948e-07,98.0324074074074,20260707_141324_cam1,3840
True,True,True,True,fixed_exposure,6.559920000000001,6.559920000000001,6.132479999999999,2136.61056,901.9490400000001,2160,tools/yolo/workspace/runs/fixed_exposure_traditional_roi_3000_20260707/images/raw_fixed/fixed__20260707_141324_cam1_frame_000043.jpg,0.6714213490486145,0.6714213490486145,True,True,0.0,False,False,True,True,True,True,False,0.34188034757684815,0.6714213490486145,p2_no_p5,0.6714213490486145,0.6714213490486145,23,2.2033937341348064e-08,3.6198693464939424e-07,3.3986193415103116e-08,64.87268518518519,1.0070399980577349e-07,0.6714213490486145,0.6714213490486145,100.0,2.3504400203933073e-08,8.01111582404701e-06,1.1226503460193271e-07,97.68518518518519,20260707_141324_cam1,3840
True,False,True,False,fixed_exposure,6.49728,6.49728,6.49728,2129.67936,900.77184,2160,tools/yolo/workspace/runs/fixed_exposure_traditional_roi_3000_20260707/images/raw_fixed/fixed__20260707_141324_cam1_frame_000044.jpg,0.24601933360099792,0.24601933360099792,True,False,0.24601933360099792,True,False,True,True,True,True,True,0.6143213192031086,0.24601933360099792,p2_no_p5,0.24601933360099792,0.24601933360099792,20,2.213068128753548e-08,5.405210004028049e-07,3.3616267103298014e-08,64.21682098765432,0.24601933360099792,0.24601933360099792,0.24601933360099792,100.0,9.116257970731567e-09,7.751442353765015e-06,1.079714309071278e-07,97.49710648148148,20260707_141324_cam1,3840
True,False,True,False,fixed_exposure,6.7068,6.708480000000001,6.708480000000001,2122.92096,900.7437600000001,2160,tools/yolo/workspace/runs/fixed_exposure_traditional_roi_3000_20260707/images/raw_fixed/fixed__20260707_141324_cam1_frame_000045.jpg,0.18440477550029755,0.18440477550029755,True,False,0.18440477550029755,True,False,True,True,True,True,True,0.6290906249465154,0.18440477550029755,p2_no_p5,0.18440477550029755,0.18440477550029755,27,2.5571372574972884e-08,4.0509922882847604e-07,4.956651977749971e-08,87.0756172839506,0.18440477550029755,0.18440477550029755,0.18440477550029755,100.0,1.2779998392886682e-08,1.0231575288344175e-05,1.4913449319919891e-07,98.76060956790124,20260707_141324_cam1,3840
True,True,True,True,fixed_exposure,6.65064,6.65088,6.65088,2115.67488,902.02464,2160,tools/yolo/workspace/runs/fixed_exposure_traditional_roi_3000_20260707/images/raw_fixed/fixed__20260707_141324_cam1_frame_000046.jpg,0.766153872013092,0.766153872013092,True,True,0.0,False,False,True,True,True,True,False,0.40330377440181686,0.766153872013092,p2_no_p5,0.766153872013092,0.766153872013092,22,2.8118746442373777e-08,1.0396705647508497e-06,3.745676480093607e-08,73.16743827160494,7.002275879131048e-07,0.766153872013092,0.766153872013092,100.0,1.790803239032357e-08,1.7286811271333136e-05,1.0253911142399375e-07,97.19328703703704,20260707_141324_cam1,3840
True,False,True,False,fixed_exposure,6.90552,6.90552,6.904319999999999,2108.9664,904.00536,2160,tools/yolo/workspace/runs/fixed_exposure_traditional_roi_3000_20260707/images/raw_fixed/fixed__20260707_141324_cam1_frame_000047.jpg,0.08691588789224625,0.08691588789224625,True,False,0.003068917663767934,False,False,True,True,True,True,True,0.6605015431398159,0.003068917663767934,p2_no_p5,0.08691588789224625,0.08691588789224625,21,2.4228409500892667e-08,7.637286785211472e-07,4.1553324336973674e-08,79.59104938271605,0.003068917663767934,0.08691588789224625,0.08691588789224625,100.0,6.837639787704575e-09,9.025100553117227e-06,1.0914149584095867e-07,97.55979938271605,20260707_141324_cam1,3840
True,True,True,True,fixed_exposure,6.581519999999999,6.58176,6.58176,2102.00448,906.88464,2160,tools/yolo/workspace/runs/fixed_exposure_traditional_roi_3000_20260707/images/raw_fixed/fixed__20260707_141324_cam1_frame_000048.jpg,0.7825680375099182,0.7825680375099182,True,True,0.0,False,False,True,True,True,True,False,0.49349747136717576,0.7825680375099182,p2_no_p5,0.7825680375099182,0.7825680375099182,20,2.7499140742293093e-08,1.3021858649153728e-06,4.36280700455427e-08,82.67746913580247,0.00027404207503423095,0.7825680375099182,0.7825680375099182,100.0,5.32463140245909e-09,3.8101525206002407e-06,1.4562631633907586e-07,98.6304012345679,20260707_141324_cam1,3840
True,True,True,True,fixed_exposure,6.665760000000001,6.666239999999999,6.666239999999999,2095.1193599999997,911.26296,2160,tools/yolo/workspace/runs/fixed_exposure_traditional_roi_3000_20260707/images/raw_fixed/fixed__20260707_141324_cam1_frame_000049.jpg,0.42059192061424255,0.42059192061424255,True,True,0.42059192061424255,True,True,True,True,True,True,True,0.5223004309512801,0.42059192061424255,p2_no_p5,0.42059192061424255,0.42059192061424255,17,2.124506970346829e-08,3.281795386556041e-07,3.376052148951203e-08,65.52854938271605,6.766945830349869e-07,0.42059192061424255,0.42059192061424255,100.0,6.206466451885717e-08,9.724173651193269e-06,2.1697593410863192e-07,99.35378086419753,20260707_141324_cam1,3840
True,True,True,True,fixed_exposure,6.7629600000000005,6.7629600000000005,6.76224,2088.39168,916.30872,2160,tools/yolo/workspace/runs/fixed_exposure_traditional_roi_3000_20260707/images/raw_fixed/fixed__20260707_141324_cam1_frame_000050.jpg,0.4203028678894043,0.4203028678894043,True,True,0.0029332637786865234,False,False,True,True,True,True,True,0.6107601703806704,0.0029332637786865234,p2_no_p5,0.4203028678894043,0.4203028678894043,18,2.323340098087101e-08,1.8525317955209175e-06,3.7351458814782745e-08,73.12885802469135,5.433290880318964e-06,0.4203028678894043,0.4203028678894043,100.0,7.293610604364176e-09,3.0575152777601033e-05,9.186079097389666e-08,96.23360339506173,20260707_141324_cam1,3840
True,True,True,True,fixed_exposure,6.646319999999999,6.64704,6.64704,2081.6448,922.3956,2160,tools/yolo/workspace/runs/fixed_exposure_traditional_roi_3000_20260707/images/raw_fixed/fixed__20260707_141324_cam1_frame_000051.jpg,0.2985480725765228,0.2985480725765228,True,True,0.26062875986099243,True,True,True,True,True,True,True,0.7386875193287299,0.26062875986099243,p2_no_p5,0.2985480725765228,0.2985480725765228,25,2.6801837194057043e-08,1.5851184116399963e-06,4.170124512370421e-08,80.34336419753086,0.26062875986099243,0.2985481023788452,0.2985481023788452,100.0,2.7789774037501047e-08,5.262903869152069e-06,7.014092773260927e-08,93.9477237654321,20260707_141324_cam1,3840
True,True,True,True,fixed_exposure,6.842879999999999,6.84288,6.84288,2074.9632,929.5063200000001,2160,tools/yolo/workspace/runs/fixed_exposure_traditional_roi_3000_20260707/images/raw_fixed/fixed__20260707_141324_cam1_frame_000052.jpg,0.2872093915939331,0.2872093915939331,True,True,0.2872093915939331,True,True,True,True,True,True,True,0.5567951930302025,0.2872093915939331,p2_no_p5,0.2872093915939331,0.2872093915939331,19,2.1694690488516244e-08,1.0576616205071332e-06,4.3549501782536026e-08,82.13734567901234,0.0014196645934134722,0.2872094213962555,0.2872094213962555,100.0,9.586904603509083e-09,6.385359483829234e-06,4.4709985047575174e-08,87.11902006172839,20260707_141324_cam1,3840
True,True,True,True,fixed_exposure,6.79968,6.80064,6.80064,2068.21632,937.9368000000001,2160,tools/yolo/workspace/runs/fixed_exposure_traditional_roi_3000_20260707/images/raw_fixed/fixed__20260707_141324_cam1_frame_000053.jpg,0.29628685116767883,0.29628685116767883,True,True,0.29628685116767883,True,True,True,True,True,True,True,0.5858387453591276,0.29628685116767883,p2_no_p5,0.29628685116767883,0.29628685116767883,26,2.5699771200038413e-08,2.2617821286985418e-06,3.976542828354468e-08,76.9675925925926,6.097302320995368e-05,0.29628685116767883,0.29628685116767883,100.0,2.0044801374297094e-08,6.826787739555584e-06,1.0853656107201459e-07,97.41994598765432,20260707_141324_cam1,3840
True,True,True,True,fixed_exposure,7.01568,7.015680000000001,7.015680000000001,2061.68064,947.2787999999999,2160,tools/yolo/workspace/runs/fixed_exposure_traditional_roi_3000_20260707/images/raw_fixed/fixed__20260707_141324_cam1_frame_000054.jpg,0.6202715039253235,0.6202715039253235,True,True,0.6202715039253235,True,True,True,True,True,True,True,0.6468976425155545,0.6202715039253235,p2_no_p5,0.6202715039253235,0.6202715039253235,18,2.6549983545010036e-08,6.112441042205319e-07,5.543654069128934e-08,92.5925925925926,6.54682116874028e-06,0.6202715039253235,0.6202715039253235,100.0,3.6223411825631047e-08,6.184431640576804e-06,4.708518375196036e-08,87.24922839506173,20260707_141324_cam1,3840
True,True,True,True,fixed_exposure,6.73056,6.73152,6.73152,2054.86848,957.7116,2160,tools/yolo/workspace/runs/fixed_exposure_traditional_roi_3000_20260707/images/raw_fixed/fixed__20260707_141324_cam1_frame_000055.jpg,0.34432241320610046,0.34432241320610046,True,True,0.34432241320610046,True,True,True,True,True,True,True,0.5195697301643071,0.34432241320610046,p2_no_p5,0.34432241320610046,0.34432241320610046,16,2.604803128747335e-08,4.932227284371038e-07,5.420339732609136e-08,91.37731481481481,0.0009025687468238175,0.34432241320610046,0.34432241320610046,100.0,2.8692431541799124e-08,2.936400278485962e-06,6.297498345020358e-08,92.47202932098766,20260707_141324_cam1,3840
True,True,True,True,fixed_exposure,7.17768,7.17768,7.17696,2048.1984,969.2200799999999,2160,tools/yolo/workspace/runs/fixed_exposure_traditional_roi_3000_20260707/images/raw_fixed/fixed__20260707_141324_cam1_frame_000056.jpg,0.46510255336761475,0.46510255336761475,True,True,0.46510255336761475,True,True,True,True,True,True,True,0.8950900753615496,0.46510255336761475,p2_no_p5,0.46510255336761475,0.46510255336761475,20,2.2615690653537968e-08,3.8670727917633485e-06,4.723305835341307e-08,86.18827160493827,6.127876258688048e-05,0.46510255336761475,0.46510255336761475,100.0,1.4331988040794386e-08,1.7584017768967897e-05,8.462902911787751e-08,95.66454475308642,20260707_141324_cam1,3840
True,False,True,False,fixed_exposure,6.31584,6.74688,6.74688,2041.7702400000003,981.8928,2160,tools/yolo/workspace/runs/fixed_exposure_traditional_roi_3000_20260707/images/raw_fixed/fixed__20260707_141324_cam1_frame_000057.jpg,0.20958279073238373,0.20958279073238373,True,False,0.18423667550086975,True,False,True,True,True,True,True,0.723468778043152,0.18423667550086975,p2_no_p5,0.20958279073238373,0.20958279073238373,18,2.656608977247288e-08,1.070248458745482e-06,6.629432647287103e-08,95.62114197530865,0.18423667550086975,0.20958279073238373,0.20958279073238373,100.0,1.5392997099183958e-08,1.1913734851987101e-05,3.1125986765800917e-07,99.59972993827161,20260707_141324_cam1,3840
True,True,True,True,fixed_exposure,7.26408,7.26408,6.38592,2035.2230399999999,995.4597600000001,2160,tools/yolo/workspace/runs/fixed_exposure_traditional_roi_3000_20260707/images/raw_fixed/fixed__20260707_141324_cam1_frame_000058.jpg,0.7623357772827148,0.7623357772827148,True,True,0.7623357772827148,True,True,True,True,True,True,True,0.587711558922382,0.7623357772827148,p2_no_p5,0.7623357772827148,0.7623357772827148,23,2.0508059250801125e-08,1.6591045550740091e-06,7.21359185718029e-08,96.99074074074075,2.686213292690809e-06,0.7623357772827148,0.7623357772827148,100.0,4.2566654201436904e-08,4.6071645556367e-06,1.097393322879725e-07,97.4633487654321,20260707_141324_cam1,3840
True,True,True,True,fixed_exposure,6.74136,6.74136,6.627840000000001,2028.4032,1010.22984,2160,tools/yolo/workspace/runs/fixed_exposure_traditional_roi_3000_20260707/images/raw_fixed/fixed__20260707_141324_cam1_frame_000059.jpg,0.33482474088668823,0.33482474088668823,True,True,0.33482474088668823,True,True,True,True,True,True,True,0.7733960635653562,0.33482474088668823,p2_no_p5,0.33482474088668823,0.33482474088668823,17,2.202313886812135e-08,1.585497898304311e-06,7.819877367865047e-08,97.89737654320987,0.0005738457548432052,0.33482474088668823,0.33482474088668823,100.0,1.1951161837941982e-08,1.4579806702386122e-05,4.2698868440993465e-08,85.15625,20260707_141324_cam1,3840
False,False,False,False,fixed_exposure,6.2316,6.2438400000000005,6.2438400000000005,2021.8368,1025.9287199999999,2160,tools/yolo/workspace/runs/fixed_exposure_traditional_roi_3000_20260707/images/raw_fixed/fixed__20260707_141324_cam1_frame_000060.jpg,0.0,0.0,False,False,0.0,False,False,False,False,False,False,False,0.0,0.008571307174861431,p2_no_p5,0.0,0.0,12,3.851603125326619e-08,3.191659516232903e-06,5.8271229619322185e-08,93.59567901234568,1.2159178552906269e-08,0.008571308106184006,4.4971544411964715e-05,99.8022762345679,1.839214469612216e-08,5.982268248772016e-06,6.345558745124436e-08,92.25983796296296,20260707_141324_cam1,3840
True,True,True,True,fixed_exposure,7.29,7.29,6.666239999999999,2015.58912,1043.2043999999999,2160,tools/yolo/workspace/runs/fixed_exposure_traditional_roi_3000_20260707/images/raw_fixed/fixed__20260707_141324_cam1_frame_000061.jpg,0.4676881432533264,0.4676881432533264,True,True,0.4676881432533264,True,True,True,True,True,True,True,0.6277135683757518,0.4676881432533264,p2_no_p5,0.4676881432533264,0.4676881432533264,17,5.743065401020431e-08,1.0838053867701092e-06,5.877755882011115e-08,93.49922839506173,3.648990443139155e-08,0.4676881432533264,0.4676881432533264,100.0,2.8663496465242133e-08,4.100686055608094e-06,1.311152573180152e-07,98.27835648148148,20260707_141324_cam1,3840
True,False,True,False,fixed_exposure,6.9444,6.9444,6.600960000000001,2008.9152000000001,1061.532,2160,tools/yolo/workspace/runs/fixed_exposure_traditional_roi_3000_20260707/images/raw_fixed/fixed__20260707_141324_cam1_frame_000062.jpg,0.16683389246463776,0.16683389246463776,True,False,0.012030106037855148,False,False,True,True,True,True,True,0.5492659557955123,0.012030106037855148,p2_no_p5,0.16683389246463776,0.16683389246463776,18,5.177573214609765e-08,7.334144811466103e-07,5.629557975339594e-08,92.95910493827161,0.000509595382027328,0.16683389246463776,0.16683389246463776,100.0,6.848264177961028e-09,1.0210774235019926e-05,5.6451273877655694e-08,90.67322530864197,20260707_141324_cam1,3840
True,True,True,True,fixed_exposure,6.9573599999999995,7.008,7.008,2002.4255999999998,1080.89424,2160,tools/yolo/workspace/runs/fixed_exposure_traditional_roi_3000_20260707/images/raw_fixed/fixed__20260707_141324_cam1_frame_000063.jpg,0.446277379989624,0.446277379989624,True,True,0.446277379989624,True,True,True,True,True,True,True,0.5826437120880669,0.446277379989624,p2_no_p5,0.446277379989624,0.446277379989624,20,5.138898373502343e-08,2.7912356017623097e-06,6.363569582390483e-08,94.86882716049382,0.4462774097919464,0.4462774097919464,0.4462774097919464,100.0,1.2090770162842546e-08,4.268595148460008e-06,6.109871009130075e-08,92.42862654320987,20260707_141324_cam1,3840
True,True,True,True,fixed_exposure,6.7975200000000005,7.027200000000001,7.027200000000001,1995.72864,1101.2004,2160,tools/yolo/workspace/runs/fixed_exposure_traditional_roi_3000_20260707/images/raw_fixed/fixed__20260707_141324_cam1_frame_000064.jpg,0.6705280542373657,0.6705280542373657,True,True,0.0,False,False,True,True,True,True,False,0.4094552586756827,0.015118050388991833,p2_no_p5,0.6705280542373657,0.6705280542373657,18,4.8663761020861784e-08,5.440980658022454e-06,6.536806296253417e-08,96.04552469135803,3.8643111821556886e-08,0.6705280542373657,0.6705280542373657,100.0,4.117564600392143e-08,1.3058172953606118e-05,1.1677323641379189e-07,97.87808641975309,20260707_141324_cam1,3840
True,False,True,False,fixed_exposure,6.39576,6.59328,6.59328,1989.1392,1122.9408,2160,tools/yolo/workspace/runs/fixed_exposure_traditional_roi_3000_20260707/images/raw_fixed/fixed__20260707_141324_cam1_frame_000065.jpg,0.16486123204231262,0.16486123204231262,True,False,0.16486123204231262,True,False,True,True,True,True,True,0.5731043553418376,0.16486123204231262,p2_no_p5,0.16486123204231262,0.16486123204231262,16,6.727373857984276e-08,1.4725035271112574e-06,6.727373857984276e-08,95.87191358024691,0.16486123204231262,0.16486123204231262,0.16486123204231262,100.0,1.6471680908125563e-08,3.355487933731638e-05,3.29205747107153e-08,77.82118055555556,20260707_141324_cam1,3840
True,True,True,True,fixed_exposure,7.44984,7.44984,7.2192,1982.3923200000002,1145.85192,2160,tools/yolo/workspace/runs/fixed_exposure_traditional_roi_3000_20260707/images/raw_fixed/fixed__20260707_141324_cam1_frame_000066.jpg,0.5963909029960632,0.5963909029960632,True,True,0.5963909029960632,True,True,True,True,True,True,True,0.7885613642369131,0.5963909029960632,p2_no_p5,0.5963909029960632,0.5963909029960632,13,3.851111074482105e-08,2.2464460016635712e-06,6.628509652273351e-08,96.00694444444444,7.220061525003985e-05,0.5963909029960632,0.5963909029960632,100.0,1.3550864430555976e-08,5.371470615500584e-05,3.8373261901369915e-08,81.87210648148148,20260707_141324_cam1,3840
False,False,False,False,fixed_exposure,6.56856,6.56856,6.50496,1976.32512,1170.3204,2160,tools/yolo/workspace/runs/fixed_exposure_traditional_roi_3000_20260707/images/raw_fixed/fixed__20260707_141324_cam1_frame_000067.jpg,0.0,0.0,False,False,0.0,False,False,False,False,False,False,False,0.0,0.024113422259688377,p2_no_p5,0.0,0.0,19,2.0999399552579234e-08,4.373404749458132e-07,5.651159185049437e-08,92.80478395061729,1.6805335789626952e-08,0.024113422259688377,0.00033110243384726346,99.95900848765432,2.915327890207209e-08,1.1155461834277958e-05,1.0597905486520176e-07,97.17399691358025,20260707_141324_cam1,3840
False,False,False,False,fixed_exposure,7.3720799999999995,7.3720799999999995,7.10016,1969.3286400000002,1195.7738399999998,2160,tools/yolo/workspace/runs/fixed_exposure_traditional_roi_3000_20260707/images/raw_fixed/fixed__20260707_141324_cam1_frame_000068.jpg,0.0,0.0,False,False,0.0,False,False,False,False,False,False,False,0.0,0.009797975420951843,p2_no_p5,0.0,0.0,15,2.0939245004569784e-08,1.5080470348038943e-06,5.1231900499715266e-08,89.4483024691358,3.9614246105657e-08,0.009797975420951843,5.06238666275749e-06,97.53086419753086,8.354226643803031e-09,3.5939779081672896e-06,3.023233219323629e-08,75.34722222222221,20260707_141324_cam1,3840
False,False,False,False,fixed_exposure,6.63336,6.63336,6.144,1962.5740799999999,1222.2468,2160,tools/yolo/workspace/runs/fixed_exposure_traditional_roi_3000_20260707/images/raw_fixed/fixed__20260707_141324_cam1_frame_000069.jpg,0.0,0.0,False,False,0.0,False,False,False,False,False,False,False,0.0,0.010824466124176979,p2_no_p5,0.0,0.0,12,4.1562358887858863e-08,6.902293989696773e-07,5.348890042000676e-08,91.24228395061729,6.282787944655865e-05,0.010824467055499554,6.282787944655865e-05,99.86376350308642,5.555993443095986e-09,4.511105544224847e-06,8.924791217168604e-08,95.8815586419753,20260707_141324_cam1,3840
False,False,False,False,fixed_exposure,6.101999999999999,6.101999999999999,5.84064,1956.34176,1250.40672,2160,tools/yolo/workspace/runs/fixed_exposure_traditional_roi_3000_20260707/images/raw_fixed/fixed__20260707_141324_cam1_frame_000070.jpg,0.0,0.0,False,False,0.0,False,False,False,False,False,False,False,0.0,0.05104503035545349,p2_no_p5,0.0,0.0,15,3.254573144317874e-08,6.655271249655925e-07,4.4109267349767833e-08,83.46836419753086,5.2050131671421696e-06,0.05104503035545349,1.455822894058656e-05,99.4116512345679,7.331901485940762e-08,5.762768068962032e-06,7.270819537552597e-07,99.88908179012346,20260707_141324_cam1,3840
False,False,False,False,fixed_exposure,8.85816,8.86656,8.86656,1929.7343999999998,1375.8292800000002,2160,tools/yolo/workspace/runs/fixed_exposure_traditional_roi_3000_20260707/images/raw_fixed/fixed__20260707_141324_cam1_frame_000074.jpg,0.0,0.0,False,False,0.0,False,False,False,False,False,False,False,0.0,0.03637275472283363,p2_no_p5,0.0,0.0,18,1.6868183294604933e-08,6.342805249914818e-07,4.1327893995912746e-08,79.39814814814815,1.1999092748737894e-05,0.03637275472283363,1.9080000129179098e-05,99.50448495370371,1.7493393400513924e-08,4.541754151432542e-06,1.8486440467313514e-07,99.0354938271605,20260707_141324_cam1,3840
False,False,False,False,fixed_exposure,9.71568,9.71568,8.7552,1914.1785599999998,1391.9450399999998,2160,tools/yolo/workspace/runs/fixed_exposure_traditional_roi_3000_20260707/images/raw_fixed/fixed__20260707_141324_cam1_frame_000077.jpg,0.0,0.0,False,False,0.0,False,False,False,False,False,False,False,0.0,0.027124185115098953,p2_no_p5,0.0,0.0,14,3.6618260423892934e-08,7.396695309580537e-07,3.839098283719977e-08,75.4050925925926,2.530269512135419e-06,0.027124185115098953,1.6850030078785494e-05,99.42732445987654,1.7837841426171508e-08,6.717296400893247e-06,3.439402718186102e-08,79.72608024691358,20260707_141324_cam1,3840
False,False,False,False,fixed_exposure,8.38728,8.38728,8.05632,1911.0105600000002,1370.51352,2160,tools/yolo/workspace/runs/fixed_exposure_traditional_roi_3000_20260707/images/raw_fixed/fixed__20260707_141324_cam1_frame_000078.jpg,0.0,0.0,False,False,0.0,False,False,False,False,False,False,False,0.0,0.038320112973451614,p2_no_p5,0.0,0.0,13,1.9493043623697304e-08,6.873489724057436e-07,3.788332847420861e-08,74.09336419753086,7.286188719035636e-08,0.038320109248161316,1.8903381260315655e-06,91.96928047839506,3.3971680579725216e-08,3.976311290898593e-06,9.322484118001739e-08,96.43614969135803,20260707_141324_cam1,3840
False,False,False,False,fixed_exposure,8.19504,8.409600000000001,8.409600000000001,1908.01152,1347.50952,2160,tools/yolo/workspace/runs/fixed_exposure_traditional_roi_3000_20260707/images/raw_fixed/fixed__20260707_141324_cam1_frame_000079.jpg,0.0,0.0,False,False,0.0,False,False,False,False,False,False,False,0.0,0.02432076260447502,p2_no_p5,0.0,0.0,11,2.066318849358595e-08,3.576355709355994e-07,4.5137287685292904e-08,84.10493827160494,4.018155763674258e-08,0.02432076260447502,2.4017647319851676e-06,93.39072145061729,5.612732945081689e-09,1.0891926649492234e-05,1.1491811591213263e-07,97.6417824074074,20260707_141324_cam1,3840
False,False,False,False,fixed_exposure,7.67664,7.67664,7.22304,1904.16768,1328.64624,2160,tools/yolo/workspace/runs/fixed_exposure_traditional_roi_3000_20260707/images/raw_fixed/fixed__20260707_141324_cam1_frame_000080.jpg,0.0,0.0,False,False,0.0,False,False,False,False,False,False,False,0.0,0.025961274281144142,p2_no_p5,0.0,0.0,15,4.840538991857102e-08,1.8565109485280118e-06,4.840538991857102e-08,87.65432098765432,1.3972452279631398e-06,0.025961274281144142,6.992632734181825e-06,98.4375,4.208885240331028e-09,3.533328936100588e-06,3.970722062263121e-08,82.97646604938271,20260707_141324_cam1,3840
False,False,False,False,fixed_exposure,7.25976,7.25976,7.10784,1894.52928,1277.26416,2160,tools/yolo/workspace/runs/fixed_exposure_traditional_roi_3000_20260707/images/raw_fixed/fixed__20260707_141324_cam1_frame_000083.jpg,0.0,0.0,False,False,0.0,False,False,False,False,False,False,False,0.0,0.013398262672126293,p2_no_p5,0.0,0.0,15,3.393010672425589e-08,2.127229436155176e-06,5.024865146197044e-08,88.73456790123457,9.73249257185671e-07,0.013398262672126293,2.9326860385481268e-05,99.66603973765432,1.0036153241799184e-07,2.811649665090954e-06,1.395924869029841e-07,98.49537037037037,20260707_141324_cam1,3840
False,False,False,False,fixed_exposure,6.74784,6.74784,5.94048,1891.0771200000001,1262.6712,2160,tools/yolo/workspace/runs/fixed_exposure_traditional_roi_3000_20260707/images/raw_fixed/fixed__20260707_141324_cam1_frame_000084.jpg,0.0,0.0,False,False,0.0,False,False,False,False,False,False,False,0.0,0.021733419969677925,p2_no_p5,0.0,0.0,14,2.839089852102461e-08,1.5796601928741438e-06,3.7388808493687975e-08,73.6304012345679,2.1675867174053565e-05,0.021733419969677925,0.00020446536655072123,99.9361014660494,1.9020216512899424e-08,5.367037374526262e-06,7.56666125312222e-08,93.99594907407408,20260707_141324_cam1,3840
False,False,False,False,fixed_exposure,6.00696,6.00696,5.79072,1887.7824,1249.9790400000002,2160,tools/yolo/workspace/runs/fixed_exposure_traditional_roi_3000_20260707/images/raw_fixed/fixed__20260707_141324_cam1_frame_000085.jpg,0.0019337097182869911,0.0019337097182869911,False,False,0.0,False,False,True,True,True,True,False,0.3047685799490545,0.0019337097182869911,p2_no_p5,0.0019337097182869911,0.0019337097182869911,16,2.794140918638277e-08,2.148731937268167e-06,4.909166761990491e-08,88.38734567901234,0.00038014756864868104,0.02298000268638134,0.0019337097182869911,99.99035493827161,1.8351705932673212e-08,7.949167411425151e-06,1.2929540105233173e-07,98.10474537037037,20260707_141324_cam1,3840
False,False,False,False,fixed_exposure,7.16904,7.16904,6.56256,1877.56032,1217.30472,2160,tools/yolo/workspace/runs/fixed_exposure_traditional_roi_3000_20260707/images/raw_fixed/fixed__20260707_141324_cam1_frame_000088.jpg,0.0019039986655116081,0.0019039986655116081,False,False,0.0,False,False,True,True,True,True,False,0.3390380172518953,0.0019039986655116081,p2_no_p5,0.0019039986655116081,0.0019039986655116081,18,3.584280250379379e-08,7.835163842173642e-07,6.812128816591212e-08,96.4699074074074,9.118731395574287e-05,0.013313310220837593,0.0019039986655116081,99.9879436728395,6.779361427788899e-08,4.786034878634382e-06,6.779361427788899e-08,93.5570987654321,20260707_141324_cam1,3840
False,False,False,False,fixed_exposure,6.95952,6.95952,6.26688,1874.63424,1208.91744,2160,tools/yolo/workspace/runs/fixed_exposure_traditional_roi_3000_20260707/images/raw_fixed/fixed__20260707_141324_cam1_frame_000089.jpg,0.0,0.0,False,False,0.0,False,False,False,False,False,False,False,0.0,0.018485350534319878,p2_no_p5,0.0,0.0,22,3.8030730564742043e-08,1.6880015891729272e-06,6.957717602062985e-08,96.52777777777779,8.257544550360763e-07,0.018485350534319878,3.722291921803844e-06,96.15162037037037,4.1284092588966814e-08,4.9017467063094955e-06,8.569458032070543e-08,95.81404320987654,20260707_141324_cam1,3840
False,False,False,False,fixed_exposure,6.248880000000001,6.248880000000001,5.85984,1871.01696,1201.8304799999999,2160,tools/yolo/workspace/runs/fixed_exposure_traditional_roi_3000_20260707/images/raw_fixed/fixed__20260707_141324_cam1_frame_000090.jpg,0.0,0.0,False,False,0.0,False,False,False,False,False,False,False,0.0,0.005445402581244707,p2_no_p5,0.0,0.0,12,3.9946733920714905e-08,9.060924526238523e-07,6.44797069071501e-08,95.58256172839506,5.48147409062949e-06,0.005445402581244707,5.48147409062949e-06,97.88411458333334,4.507388595698103e-08,5.393616447690874e-06,6.42194990518874e-08,92.49131944444444,20260707_141324_cam1,3840
False,False,False,False,fixed_exposure,7.0632,7.0632,6.81984,1867.59168,1195.7976,2160,tools/yolo/workspace/runs/fixed_exposure_traditional_roi_3000_20260707/images/raw_fixed/fixed__20260707_141324_cam1_frame_000091.jpg,0.016503918915987015,0.016503918915987015,False,False,0.016503918915987015,False,False,True,True,True,True,True,0.6626004507597587,0.016503918915987015,p2_no_p5,0.016503918915987015,0.016503918915987015,19,3.6940388525863455e-08,1.3689008255823865e-06,4.0628076902748944e-08,78.85802469135803,5.2665463101675414e-08,0.026923207566142082,0.016503918915987015,99.9951774691358,6.506923888593974e-09,6.966626187931979e-06,6.292335541502325e-08,92.25019290123457,20260707_141324_cam1,3840
True,False,True,False,fixed_exposure,6.588,6.588,6.2323200000000005,1864.4236799999999,1191.11472,2160,tools/yolo/workspace/runs/fixed_exposure_traditional_roi_3000_20260707/images/raw_fixed/fixed__20260707_141324_cam1_frame_000092.jpg,0.07053027302026749,0.07053027302026749,True,False,0.05427289009094238,True,False,True,True,True,True,True,0.5816951793158701,0.05427289009094238,p2_no_p5,0.07053027302026749,0.07053027302026749,17,4.320977353700073e-08,8.666104349686066e-07,4.462546954187019e-08,83.56481481481481,0.07053027302026749,0.07053027302026749,0.07053027302026749,100.0,3.488085908998073e-08,6.346414465951966e-06,6.937587926358901e-08,93.7307098765432,20260707_141324_cam1,3840
False,False,False,False,fixed_exposure,6.9768,6.9768,6.91584,1860.7104,1187.3736000000001,2160,tools/yolo/workspace/runs/fixed_exposure_traditional_roi_3000_20260707/images/raw_fixed/fixed__20260707_141324_cam1_frame_000093.jpg,0.02513163536787033,0.02513163536787033,False,False,0.02513163536787033,False,False,True,True,True,True,True,0.6653961612535724,0.02513163536787033,p2_no_p5,0.02513163536787033,0.02513163536787033,19,4.460002500650262e-08,6.487630912488385e-07,4.8417213349694066e-08,87.36496913580247,3.9451304445492497e-08,0.03229392692446709,0.02513163536787033,99.99879436728395,6.392056217663367e-09,1.3154679436411243e-05,5.512506717764154e-08,90.8227237654321,20260707_141324_cam1,3840
True,False,True,False,fixed_exposure,6.534,6.534,6.07104,1857.58464,1184.57424,2160,tools/yolo/workspace/runs/fixed_exposure_traditional_roi_3000_20260707/images/raw_fixed/fixed__20260707_141324_cam1_frame_000094.jpg,0.2402910590171814,0.2402910590171814,True,False,0.0,False,False,True,True,True,True,False,0.4311554959331541,0.2402910590171814,p2_no_p5,0.2402910590171814,0.2402910590171814,18,3.837026341102501e-08,5.522240940081247e-07,6.313903355703587e-08,95.06172839506173,6.388248584698886e-05,0.2402910590171814,0.2402910590171814,100.0,1.1590778115078137e-08,1.2640172826650087e-05,5.625918220175663e-08,91.10725308641975,20260707_141324_cam1,3840
True,True,True,True,fixed_exposure,6.50592,6.6432,6.6432,1854.432,1183.07736,2160,tools/yolo/workspace/runs/fixed_exposure_traditional_roi_3000_20260707/images/raw_fixed/fixed__20260707_141324_cam1_frame_000095.jpg,0.4194800555706024,0.4194800555706024,True,True,0.0,False,False,True,True,True,True,False,0.42408404546352535,0.4194800555706024,p2_no_p5,0.4194800555706024,0.4194800555706024,21,3.984028040804333e-08,1.4567939388143714e-06,7.110077859806552e-08,96.875,0.41948002576828003,0.41948002576828003,0.41948002576828003,100.0,1.4261416048100273e-08,1.0240566552965902e-05,7.737224905213225e-08,94.82542438271605,20260707_141324_cam1,3840
True,False,True,False,fixed_exposure,6.7608,6.7608,6.5472,1850.7648,1182.66912,2160,tools/yolo/workspace/runs/fixed_exposure_traditional_roi_3000_20260707/images/raw_fixed/fixed__20260707_141324_cam1_frame_000096.jpg,0.13535736501216888,0.13535736501216888,True,False,0.13535736501216888,True,False,True,True,True,True,True,0.7390227355659542,0.0028000082820653915,p2_no_p5,0.13535736501216888,0.13535736501216888,19,4.48348309589619e-08,4.854848043578386e-07,6.744460989693835e-08,96.19984567901234,0.13535736501216888,0.13535736501216888,0.13535736501216888,100.0,1.0469259237311235e-08,7.137182365113404e-06,6.374684602405978e-08,92.86265432098766,20260707_141324_cam1,3840
False,False,False,False,fixed_exposure,5.60952,5.60952,5.5910400000000005,1847.86176,1183.35816,2160,tools/yolo/workspace/runs/fixed_exposure_traditional_roi_3000_20260707/images/raw_fixed/fixed__20260707_141324_cam1_frame_000097.jpg,0.0,0.0,False,False,0.0,False,False,False,False,False,False,False,0.0,0.02246958762407303,p2_no_p5,0.0,0.0,17,4.217904248093873e-08,1.8059062085740152e-06,7.26878255363772e-08,97.24151234567901,3.451279098953819e-06,0.02246958762407303,0.0003181590582244098,99.95418595679013,1.9517859328743725e-08,4.455345333553851e-06,8.939340290226028e-08,96.15162037037037,20260707_141324_cam1,3840
True,False,True,False,fixed_exposure,6.34176,6.34176,6.07872,1844.13312,1185.48144,2160,tools/yolo/workspace/runs/fixed_exposure_traditional_roi_3000_20260707/images/raw_fixed/fixed__20260707_141324_cam1_frame_000098.jpg,0.05504121631383896,0.05504121631383896,True,False,0.05504121631383896,True,False,True,True,True,True,True,0.5016462383849772,0.05504121631383896,p2_no_p5,0.05504121631383896,0.05504121631383896,18,3.683773641682819e-08,1.1833809594463673e-06,6.761772652907894e-08,96.04552469135803,3.621893029048806e-06,0.05504121631383896,0.05504121631383896,100.0,2.7425391735391713e-08,1.2762183359882329e-05,1.13829223380435e-07,97.60320216049382,20260707_141324_cam1,3840
True,False,True,False,fixed_exposure,6.02208,6.02208,5.936640000000001,1840.92672,1188.0431999999998,2160,tools/yolo/workspace/runs/fixed_exposure_traditional_roi_3000_20260707/images/raw_fixed/fixed__20260707_141324_cam1_frame_000099.jpg,0.22840219736099243,0.22840219736099243,True,False,0.008675887249410152,False,False,True,True,True,True,True,0.5596241193488267,0.008675887249410152,p2_no_p5,0.22840219736099243,0.22840219736099243,20,3.36470549200385e-08,1.4489600062006502e-06,7.11181442625275e-08,96.70138888888889,0.019021060317754745,0.22840219736099243,0.22840219736099243,100.0,2.2284780243353453e-08,6.714587016176665e-06,5.4530147508558e-08,90.50925925925925,20260707_141324_cam1,3840
False,False,False,False,fixed_exposure,5.93352,5.93352,5.78688,1837.3708800000002,1192.32216,2160,tools/yolo/workspace/runs/fixed_exposure_traditional_roi_3000_20260707/images/raw_fixed/fixed__20260707_141324_cam1_frame_000100.jpg,0.008377418853342533,0.008377418853342533,False,False,0.0,False,False,True,True,True,True,False,0.30076477084919473,0.008377418853342533,p2_no_p5,0.008377418853342533,0.008377418853342533,18,2.9072316110045904e-08,1.6882978570720297e-06,5.4597695253733036e-08,91.70524691358025,5.1836163038387895e-05,0.01778893731534481,0.008377418853342533,99.99879436728395,6.935259477813815e-08,7.778871804475784e-06,6.935259477813815e-08,93.43653549382715,20260707_141324_cam1,3840
False,False,False,False,fixed_exposure,5.7888,5.7888,5.76384,1834.16832,1197.66168,2160,tools/yolo/workspace/runs/fixed_exposure_traditional_roi_3000_20260707/images/raw_fixed/fixed__20260707_141324_cam1_frame_000101.jpg,0.0,0.0,False,False,0.0,False,False,False,False,False,False,False,0.0,0.01933852769434452,p2_no_p5,0.0,0.0,19,3.900581191373931e-08,1.0760667237263988e-06,6.602994773174942e-08,95.7368827160494,3.839138855710189e-07,0.01933852769434452,1.975990744540468e-05,99.51171875,5.972002981025071e-08,4.266966698196484e-06,9.885591367719826e-08,96.93287037037037,20260707_141324_cam1,3840
False,False,False,False,fixed_exposure,6.276960000000001,6.40512,6.40512,1827.27936,1211.07312,2160,tools/yolo/workspace/runs/fixed_exposure_traditional_roi_3000_20260707/images/raw_fixed/fixed__20260707_141324_cam1_frame_000103.jpg,0.0,0.0,False,False,0.0,False,False,False,False,False,False,False,0.0,0.03334713727235794,p2_no_p5,0.0,0.0,20,3.723658181797873e-08,1.7102005358538008e-06,5.946349546093188e-08,93.88503086419753,7.094877929603172e-08,0.03334713727235794,5.991214493406005e-06,97.9636863425926,6.817379727408479e-08,1.209692800330231e-05,1.1200368277286543e-07,97.4729938271605,20260707_141324_cam1,3840
False,False,False,False,fixed_exposure,6.2553600000000005,6.2553600000000005,5.7561599999999995,1816.96128,1240.49232,2160,tools/yolo/workspace/runs/fixed_exposure_traditional_roi_3000_20260707/images/raw_fixed/fixed__20260707_141324_cam1_frame_000106.jpg,0.0,0.0,False,False,0.0,False,False,False,False,False,False,False,0.0,0.034442126750946045,p2_no_p5,0.0,0.0,12,1.1774743846615365e-08,1.101929456126527e-06,4.131969788545575e-08,80.0925925925926,4.407304004416801e-06,0.034442126750946045,1.0412290976091754e-05,99.03911072530865,5.528417190703294e-08,1.1830495168396737e-05,1.1452501524900072e-07,97.53086419753086,20260707_141324_cam1,3840
False,False,False,False,fixed_exposure,6.34608,6.34608,5.96736,1812.8447999999999,1252.35072,2160,tools/yolo/workspace/runs/fixed_exposure_traditional_roi_3000_20260707/images/raw_fixed/fixed__20260707_141324_cam1_frame_000107.jpg,0.0,0.0,False,False,0.0,False,False,False,False,False,False,False,0.0,0.040104810148477554,p2_no_p5,0.0,0.0,15,1.129307491964937e-08,1.705216959635436e-06,4.2772558828119145e-08,81.57793209876543,1.3152694009477273e-06,0.040104810148477554,6.021711214998504e-06,98.0613425925926,1.0614372314421416e-07,8.961487765191123e-06,1.5011850962309836e-07,98.52912808641975,20260707_141324_cam1,3840
False,False,False,False,fixed_exposure,5.6268,5.6268,5.1072,1791.64416,1349.1014400000001,2160,tools/yolo/workspace/runs/fixed_exposure_traditional_roi_3000_20260707/images/raw_fixed/fixed__20260707_141324_cam1_frame_000113.jpg,0.0,0.0,False,False,0.0,False,False,False,False,False,False,False,0.0,0.024662017822265625,p2_no_p5,0.0,0.0,15,5.5687387146008405e-08,2.2795800305175362e-06,5.5687387146008405e-08,91.89814814814815,5.092375090498535e-07,0.024662017822265625,6.7594255597214215e-06,98.23374807098766,4.823617771876343e-08,8.679439815750811e-06,7.968773729771783e-08,95.1147762345679,20260707_141324_cam1,3840
False,False,False,False,fixed_exposure,6.2748,6.2748,5.76768,1786.7712000000001,1369.3039199999998,2160,tools/yolo/workspace/runs/fixed_exposure_traditional_roi_3000_20260707/images/raw_fixed/fixed__20260707_141324_cam1_frame_000114.jpg,0.0,0.0,False,False,0.0,False,False,False,False,False,False,False,0.0,0.02546505443751812,p2_no_p5,0.0,0.0,16,6.009000230733363e-08,1.0205927765127853e-06,6.009000230733363e-08,94.1358024691358,1.3763190054305596e-06,0.02546505257487297,2.451549107718165e-06,93.88503086419753,9.624908869909632e-08,3.8099524317658506e-06,9.624908869909632e-08,96.44579475308642,20260707_141324_cam1,3840
False,False,False,False,fixed_exposure,6.836399999999999,6.836399999999999,6.42048,1780.1510400000002,1413.15408,2160,tools/yolo/workspace/runs/fixed_exposure_traditional_roi_3000_20260707/images/raw_fixed/fixed__20260707_141324_cam1_frame_000116.jpg,0.0,0.0,False,False,0.0,False,False,False,False,False,False,False,0.0,0.017568904906511307,p2_no_p5,0.0,0.0,15,5.370060662812648e-08,1.3446968978314544e-06,5.370060662812648e-08,91.18441358024691,1.1616427855187794e-06,0.017568906769156456,1.5838401168366545e-06,90.10054976851852,1.1711603242758883e-08,5.219443210080499e-06,6.325547019514488e-08,92.80478395061729,20260707_141324_cam1,3840
False,False,False,False,fixed_exposure,5.75856,5.75856,5.54496,1776.66048,1419.98184,2160,tools/yolo/workspace/runs/fixed_exposure_traditional_roi_3000_20260707/images/raw_fixed/fixed__20260707_141324_cam1_frame_000117.jpg,0.0,0.0,False,False,0.0,False,False,False,False,False,False,False,0.0,0.02694052830338478,p2_no_p5,0.0,0.0,18,3.181995467116394e-08,2.304294184796163e-06,5.3651774578611366e-08,90.93364197530865,7.897521214772496e-08,0.02694052830338478,7.472934157704003e-06,98.36877893518519,1.2975511332058431e-08,1.4975282283558045e-05,7.925724787583022e-08,95.26427469135803,20260707_141324_cam1,3840
False,False,False,False,fixed_exposure,6.108479999999999,6.108479999999999,5.98272,1772.65152,1401.6456,2160,tools/yolo/workspace/runs/fixed_exposure_traditional_roi_3000_20260707/images/raw_fixed/fixed__20260707_141324_cam1_frame_000118.jpg,0.0,0.0,False,False,0.0,False,False,False,False,False,False,False,0.0,0.019077034667134285,p2_no_p5,0.0,0.0,14,3.098907797038919e-08,8.751983386900974e-07,5.477699360767474e-08,92.1875,1.8046854393105605e-06,0.019077036529779434,2.76044602287584e-06,94.99662422839506,1.0171670083991557e-07,1.982737194339279e-05,1.0171670083991557e-07,96.72067901234568,20260707_141324_cam1,3840
False,False,False,False,fixed_exposure,6.1776,6.1776,5.65248,1770.0672,1385.44128,2160,tools/yolo/workspace/runs/fixed_exposure_traditional_roi_3000_20260707/images/raw_fixed/fixed__20260707_141324_cam1_frame_000119.jpg,0.0,0.0,False,False,0.0,False,False,False,False,False,False,False,0.0,0.03563013672828674,p2_no_p5,0.0,0.0,14,3.2953998641005455e-08,2.637167881403002e-06,5.031674277233833e-08,88.4645061728395,1.5689015526731964e-06,0.03563013672828674,6.4907649175438564e-06,98.2566550925926,2.6522146256979795e-08,2.439105401208508e-06,8.289423192309187e-08,95.39930555555556,20260707_141324_cam1,3840
False,False,False,False,fixed_exposure,6.14952,6.15168,6.15168,1767.40608,1374.14232,2160,tools/yolo/workspace/runs/fixed_exposure_traditional_roi_3000_20260707/images/raw_fixed/fixed__20260707_141324_cam1_frame_000120.jpg,0.0,0.0,False,False,0.0,False,False,False,False,False,False,False,0.0,0.04237113893032074,p2_no_p5,0.0,0.0,19,2.858018888218794e-08,2.8973838652746053e-06,6.264206575679054e-08,95.1195987654321,8.282862040687178e-07,0.04237113893032074,8.319180778926238e-06,98.65692515432099,3.680760229940461e-08,5.889039130124729e-06,7.892446518553697e-08,94.82542438271605,20260707_141324_cam1,3840
False,False,False,False,fixed_exposure,4.8924,4.8924,4.8768,1764.26112,1359.3765600000002,2160,tools/yolo/workspace/runs/fixed_exposure_traditional_roi_3000_20260707/images/raw_fixed/fixed__20260707_141324_cam1_frame_000121.jpg,0.0,0.0,False,False,0.0,False,False,False,False,False,False,False,0.0,0.04093620926141739,p2_no_p5,0.0,0.0,17,2.4449754221222975e-08,2.72613215202e-06,6.051337209100893e-08,94.42515432098766,1.40589054353768e-06,0.04093621298670769,6.291486442933092e-06,98.13368055555556,6.256050966158e-08,2.339413003937807e-05,6.256050966158e-08,92.2019675925926,20260707_141324_cam1,3840
False,False,False,False,fixed_exposure,5.76072,5.9904,5.9904,1760.6976,1347.3626399999998,2160,tools/yolo/workspace/runs/fixed_exposure_traditional_roi_3000_20260707/images/raw_fixed/fixed__20260707_141324_cam1_frame_000122.jpg,0.0,0.0,False,False,0.0,False,False,False,False,False,False,False,0.0,0.039297331124544144,p2_no_p5,0.0,0.0,17,2.3626569145562826e-08,1.5077508805916295e-06,5.773885547455393e-08,93.42206790123457,4.919594731589427e-10,0.039297331124544144,1.2122924090363085e-05,99.17052469135803,7.99501709281003e-09,3.6206913591740886e-06,7.870739437976226e-08,94.66145833333334,20260707_141324_cam1,3840
False,False,False,False,fixed_exposure,5.5188,5.5188,5.44128,1758.0096,1337.60376,2160,tools/yolo/workspace/runs/fixed_exposure_traditional_roi_3000_20260707/images/raw_fixed/fixed__20260707_141324_cam1_frame_000123.jpg,0.0,0.0,False,False,0.0,False,False,False,False,False,False,False,0.0,0.05583513528108597,p2_no_p5,0.0,0.0,19,2.4464123171696883e-08,3.826090051006759e-06,5.7859683266769935e-08,92.95910493827161,3.044121967832325e-07,0.05583512783050537,9.212806617142633e-06,98.7642264660494,9.063931827313354e-09,7.447243206115672e-06,6.472959768188957e-08,93.03144290123457,20260707_141324_cam1,3840
False,False,False,False,fixed_exposure,6.35472,6.35472,6.2208,1755.88608,1327.71312,2160,tools/yolo/workspace/runs/fixed_exposure_traditional_roi_3000_20260707/images/raw_fixed/fixed__20260707_141324_cam1_frame_000124.jpg,0.0,0.0,False,False,0.0,False,False,False,False,False,False,False,0.0,0.03882165625691414,p2_no_p5,0.0,0.0,15,2.3839593410457383e-08,8.743115813558688e-07,5.4781072122978e-08,91.7824074074074,2.9790319899802853e-07,0.03882165625691414,9.185803719446994e-06,98.87152777777779,7.913002697534921e-09,5.658188001689268e-06,1.182341549110788e-07,97.80574845679013,20260707_141324_cam1,3840
False,False,False,False,fixed_exposure,6.17544,6.17544,5.825279999999999,1751.10144,1318.36248,2160,tools/yolo/workspace/runs/fixed_exposure_traditional_roi_3000_20260707/images/raw_fixed/fixed__20260707_141324_cam1_frame_000125.jpg,0.0,0.0,False,False,0.0,False,False,False,False,False,False,False,0.0,0.031249769032001495,p2_no_p5,0.0,0.0,14,2.0708050385565002e-08,1.3295582448336063e-06,5.349726706072033e-08,91.49305555555556,1.3662975106853992e-06,0.031249769032001495,2.1190512597968336e-06,92.9880401234568,3.801033265915521e-09,3.4688832784013357e-06,1.392000541500238e-07,98.26871141975309,20260707_141324_cam1,3840
False,False,False,False,fixed_exposure,6.3072,6.3072,6.08256,1749.25824,1314.27144,2160,tools/yolo/workspace/runs/fixed_exposure_traditional_roi_3000_20260707/images/raw_fixed/fixed__20260707_141324_cam1_frame_000126.jpg,0.0,0.0,False,False,0.0,False,False,False,False,False,False,False,0.0,0.02019156888127327,p2_no_p5,0.0,0.0,14,2.2166929625200282e-08,1.2541655678433017e-06,5.701221894582886e-08,92.95910493827161,4.008308849279274e-07,0.02019156888127327,1.548279669805197e-06,90.2391975308642,1.5401925068658784e-08,7.178699434007285e-06,6.166359156623002e-08,91.97048611111111,20260707_141324_cam1,3840
False,False,False,False,fixed_exposure,5.0803199999999995,5.55264,5.55264,1745.37984,1307.0462400000001,2160,tools/yolo/workspace/runs/fixed_exposure_traditional_roi_3000_20260707/images/raw_fixed/fixed__20260707_141324_cam1_frame_000127.jpg,0.0,0.0,False,False,0.0,False,False,False,False,False,False,False,0.0,0.022205380722880363,p2_no_p5,0.0,0.0,11,2.8077373315227305e-08,7.85873680797522e-07,5.992221474571124e-08,94.11651234567901,1.4502082876788336e-06,0.022205380722880363,1.9390568013477605e-06,92.58897569444444,6.455686474282629e-08,4.4918901949131396e-06,6.932825868943837e-08,93.19540895061729,20260707_141324_cam1,3840
False,False,False,False,fixed_exposure,5.7758400000000005,5.7758400000000005,5.55264,1742.08512,1301.6916,2160,tools/yolo/workspace/runs/fixed_exposure_traditional_roi_3000_20260707/images/raw_fixed/fixed__20260707_141324_cam1_frame_000128.jpg,0.0,0.0,False,False,0.0,False,False,False,False,False,False,False,0.0,0.030863557010889053,p2_no_p5,0.0,0.0,13,2.6008365239249542e-08,7.888170898695535e-07,5.38630935409401e-08,91.70524691358025,1.180102572106989e-06,0.030863557010889053,1.180102572106989e-06,88.36926118827161,8.077669377826169e-08,4.331169748184038e-06,8.077669377826169e-08,94.89776234567901,20260707_141324_cam1,3840
False,False,False,False,fixed_exposure,5.276879999999999,5.276879999999999,4.94208,1738.5984,1298.3824800000002,2160,tools/yolo/workspace/runs/fixed_exposure_traditional_roi_3000_20260707/images/raw_fixed/fixed__20260707_141324_cam1_frame_000129.jpg,0.0,0.0,False,False,0.0,False,False,False,False,False,False,False,0.0,0.03220747411251068,p2_no_p5,0.0,0.0,13,3.982584928508004e-08,3.276705456300988e-06,3.982584928508004e-08,77.04475308641975,1.0467061883900897e-06,0.03220747411251068,1.8142350199923385e-06,91.2917148919753,1.319593678772435e-07,4.7632674977649e-06,1.319593678772435e-07,98.35551697530865,20260707_141324_cam1,3840
False,False,False,False,fixed_exposure,5.0500799999999995,5.0500799999999995,5.00352,1735.54944,1296.0777600000001,2160,tools/yolo/workspace/runs/fixed_exposure_traditional_roi_3000_20260707/images/raw_fixed/fixed__20260707_141324_cam1_frame_000130.jpg,0.0,0.0,False,False,0.0,False,False,False,False,False,False,False,0.0,0.028808536008000374,p2_no_p5,0.0,0.0,14,4.5311708163353615e-08,6.40737766843813e-07,4.5311708163353615e-08,84.99228395061729,3.227706883990322e-07,0.028808536008000374,2.714302581807715e-06,94.37331211419753,6.962562792978133e-08,6.847901204309892e-06,6.962562792978133e-08,93.5522762345679,20260707_141324_cam1,3840
False,False,False,False,fixed_exposure,4.97232,4.97232,4.853759999999999,1731.3216,1295.71272,2160,tools/yolo/workspace/runs/fixed_exposure_traditional_roi_3000_20260707/images/raw_fixed/fixed__20260707_141324_cam1_frame_000131.jpg,0.0,0.0,False,False,0.0,False,False,False,False,False,False,False,0.0,0.06070805713534355,p2_no_p5,0.0,0.0,16,4.285397281478254e-08,1.3813487385050394e-06,4.285397281478254e-08,81.6550925925926,1.5633242583135143e-05,0.06070805713534355,0.0003576101444195956,99.95539158950618,4.105480044813703e-08,7.70415772421984e-06,6.365596760815606e-08,92.55401234567901,20260707_141324_cam1,3840
False,False,False,False,fixed_exposure,5.1408000000000005,5.1408000000000005,4.8192,1729.1519999999998,1295.3498399999999,2160,tools/yolo/workspace/runs/fixed_exposure_traditional_roi_3000_20260707/images/raw_fixed/fixed__20260707_141324_cam1_frame_000132.jpg,0.0,0.0,False,False,0.0,False,False,False,False,False,False,False,0.0,0.07033530622720718,p2_no_p5,0.0,0.0,14,4.1730523037131206e-08,1.4184447536536027e-06,4.1730523037131206e-08,79.4945987654321,4.514884494710714e-06,0.07033530622720718,1.42075186886359e-05,99.3019386574074,4.4093624751440075e-08,8.977817742561456e-06,5.013530568476199e-08,89.0287422839506,20260707_141324_cam1,3840
False,False,False,False,fixed_exposure,5.02632,5.25312,5.25312,1725.62688,1296.3996,2160,tools/yolo/workspace/runs/fixed_exposure_traditional_roi_3000_20260707/images/raw_fixed/fixed__20260707_141324_cam1_frame_000133.jpg,0.0,0.0,False,False,0.0,False,False,False,False,False,False,False,0.0,0.035199444741010666,p2_no_p5,0.0,0.0,19,4.782083351528854e-08,1.310232960349822e-06,4.782083351528854e-08,87.19135802469135,6.637586125179951e-07,0.035199444741010666,1.9262104160588933e-06,91.66184413580247,5.2426024410578975e-08,3.4235436032759026e-05,5.2426024410578975e-08,89.8292824074074,20260707_141324_cam1,3840
False,False,False,False,fixed_exposure,4.851360000000001,4.851360000000001,4.47744,1722.45504,1298.4429599999999,2160,tools/yolo/workspace/runs/fixed_exposure_traditional_roi_3000_20260707/images/raw_fixed/fixed__20260707_141324_cam1_frame_000134.jpg,0.0,0.0,False,False,0.0,False,False,False,False,False,False,False,0.0,0.03307593986392021,p2_no_p5,0.0,0.0,12,4.200290604217116e-08,1.0492607316336944e-06,4.200290604217116e-08,80.26620370370371,2.6964232802129118e-06,0.03307594358921051,3.0141673050820827e-06,95.0026523919753,6.44674074123941e-08,1.0461310921527911e-05,7.848687033629176e-08,94.83024691358025,20260707_141324_cam1,3840
False,False,False,False,fixed_exposure,4.81032,4.81032,4.80384,1718.33856,1302.01992,2160,tools/yolo/workspace/runs/fixed_exposure_traditional_roi_3000_20260707/images/raw_fixed/fixed__20260707_141324_cam1_frame_000135.jpg,0.0,0.0,False,False,0.0,False,False,False,False,False,False,False,0.0,0.029363898560404778,p2_no_p5,0.0,0.0,11,3.1170237946298585e-08,6.474478482232371e-07,4.838785372385246e-08,87.5,8.575751166972623e-07,0.029363898560404778,2.956609478133032e-06,95.0388213734568,6.003489261274808e-08,2.7878655600943603e-05,6.463041302140482e-08,92.72762345679013,20260707_141324_cam1,3840
False,False,False,False,fixed_exposure,4.38264,4.47744,4.47744,1714.89024,1307.2039200000002,2160,tools/yolo/workspace/runs/fixed_exposure_traditional_roi_3000_20260707/images/raw_fixed/fixed__20260707_141324_cam1_frame_000136.jpg,0.0,0.0,False,False,0.0,False,False,False,False,False,False,False,0.0,0.05618932098150253,p2_no_p5,0.0,0.0,12,2.685116129441667e-08,1.6978516441668035e-06,3.7146563158785284e-08,74.05478395061729,5.52228868855309e-07,0.056189313530921936,2.572025323388516e-06,94.47579089506173,4.7957481541516245e-08,5.462682565848809e-06,9.764887209939843e-08,96.39274691358025,20260707_141324_cam1,3840
False,False,False,False,fixed_exposure,6.91416,6.91416,6.56256,1704.86784,1325.05632,2160,tools/yolo/workspace/runs/fixed_exposure_traditional_roi_3000_20260707/images/raw_fixed/fixed__20260707_141324_cam1_frame_000139.jpg,0.0,0.0,False,False,0.0,False,False,False,False,False,False,False,0.0,0.02807515300810337,p2_no_p5,0.0,0.0,13,3.2776348746210715e-08,5.423087714007124e-06,4.8851891421008986e-08,87.96296296296296,3.1971181257972603e-09,0.02807515300810337,1.0149030913453316e-06,85.32624421296296,1.7617880487819093e-09,5.559061264648335e-06,4.6346006143949126e-08,87.5,20260707_141324_cam1,3840
False,False,False,False,fixed_exposure,6.07824,6.22848,6.22848,1700.22144,1336.8304799999999,2160,tools/yolo/workspace/runs/fixed_exposure_traditional_roi_3000_20260707/images/raw_fixed/fixed__20260707_141324_cam1_frame_000140.jpg,0.0,0.0,False,False,0.0,False,False,False,False,False,False,False,0.0,0.02600201591849327,p2_no_p5,0.0,0.0,19,2.7275881109289912e-08,2.855899310816312e-06,5.019998638999823e-08,88.75385802469135,1.3201159276832186e-07,0.02600201591849327,1.910557330120355e-06,91.66063850308642,1.003563276924524e-08,7.673741492908448e-06,3.689039829168905e-08,82.11805555555556,20260707_141324_cam1,3840
False,False,False,False,fixed_exposure,7.12368,7.12368,6.79296,1698.22464,1343.9584799999998,2160,tools/yolo/workspace/runs/fixed_exposure_traditional_roi_3000_20260707/images/raw_fixed/fixed__20260707_141324_cam1_frame_000141.jpg,0.0,0.0,False,False,0.0,False,False,False,False,False,False,False,0.0,0.07199835032224655,p2_no_p5,0.0,0.0,10,1.6617820008946182e-08,1.2109392173442757e-06,3.140524285072388e-08,58.410493827160494,9.169349937110383e-07,0.07199835032224655,1.0889805253100349e-06,86.81761188271605,9.956300672797624e-09,3.633767164501478e-06,4.590506463841848e-08,87.24922839506173,20260707_141324_cam1,3840
False,False,False,False,fixed_exposure,7.726319999999999,7.9257599999999995,7.9257599999999995,1693.1865599999999,1356.15168,2160,tools/yolo/workspace/runs/fixed_exposure_traditional_roi_3000_20260707/images/raw_fixed/fixed__20260707_141324_cam1_frame_000142.jpg,0.0,0.0,False,False,0.0,False,False,False,False,False,False,False,0.0,0.04888823628425598,p2_no_p5,0.0,0.0,9,1.646609071315197e-08,9.424701943316904e-07,3.498206524454872e-08,67.97839506172839,2.0876802864222554e-07,0.04888823628425598,1.864571913756663e-06,91.41589506172839,4.2590524884644765e-08,6.512876097986009e-06,7.067446716746417e-08,94.03452932098766,20260707_141324_cam1,3840
False,False,False,False,fixed_exposure,7.68312,7.68312,7.46112,1678.0684800000001,1412.1064800000001,2160,tools/yolo/workspace/runs/fixed_exposure_traditional_roi_3000_20260707/images/raw_fixed/fixed__20260707_141324_cam1_frame_000146.jpg,0.0,0.0,False,False,0.0,False,False,False,False,False,False,False,0.0,0.030712051317095757,p2_no_p5,0.0,0.0,11,2.4089802153071105e-08,4.5978717366779165e-07,3.631527789593747e-08,71.54706790123457,7.903592518232472e-07,0.030712051317095757,2.507860472178436e-06,93.70900848765432,1.997968190892152e-08,7.769929652567953e-06,8.571812060154116e-08,95.8863811728395,20260707_141324_cam1,3840
False,False,False,False,fixed_exposure,5.37192,5.402880000000001,5.402880000000001,1667.41632,1389.35304,2160,tools/yolo/workspace/runs/fixed_exposure_traditional_roi_3000_20260707/images/raw_fixed/fixed__20260707_141324_cam1_frame_000150.jpg,0.0,0.0,False,False,0.0,False,False,False,False,False,False,False,0.0,0.03183100000023842,p2_no_p5,0.0,0.0,13,2.4500172557395672e-08,8.800619752946659e-07,3.7280997844391095e-08,73.12885802469135,1.765435939660165e-07,0.03183099627494812,2.3482859887735685e-06,93.15682870370371,1.2959830542058626e-08,6.56743804938742e-06,3.6540811265695083e-08,81.93962191358025,20260707_141324_cam1,3840
False,False,False,False,fixed_exposure,6.65712,6.65712,6.20928,1666.0454399999999,1380.4927200000002,2160,tools/yolo/workspace/runs/fixed_exposure_traditional_roi_3000_20260707/images/raw_fixed/fixed__20260707_141324_cam1_frame_000151.jpg,0.0,0.0,False,False,0.0,False,False,False,False,False,False,False,0.0,0.0804125964641571,p2_no_p5,0.0,0.0,12,2.804338627981906e-08,7.415998766191478e-07,3.93246430974159e-08,77.21836419753086,2.127485004166374e-06,0.0804126039147377,2.8936974558746442e-06,94.82060185185185,5.530502722450592e-09,3.53549989995372e-06,3.33392691231893e-08,78.45293209876543,20260707_141324_cam1,3840
False,False,False,False,fixed_exposure,6.6636,6.6636,6.50112,1663.97568,1371.8851200000001,2160,tools/yolo/workspace/runs/fixed_exposure_traditional_roi_3000_20260707/images/raw_fixed/fixed__20260707_141324_cam1_frame_000152.jpg,0.0,0.0,False,False,0.0,False,False,False,False,False,False,False,0.0,0.04014786332845688,p2_no_p5,0.0,0.0,16,1.5116878415710744e-08,1.5480434285564115e-06,3.0504683223853135e-08,56.732253086419746,1.448755284627623e-07,0.04014786332845688,9.973748547054129e-07,85.36000192901234,1.0954416929109811e-08,2.997255251102615e-06,3.8327328866216703e-08,82.9909336419753,20260707_141324_cam1,3840
False,False,False,False,fixed_exposure,6.62256,6.62256,6.27456,1661.0688,1366.61256,2160,tools/yolo/workspace/runs/fixed_exposure_traditional_roi_3000_20260707/images/raw_fixed/fixed__20260707_141324_cam1_frame_000153.jpg,0.0,0.0,False,False,0.0,False,False,False,False,False,False,False,0.0,0.047254305332899094,p2_no_p5,0.0,0.0,16,1.1978204206286591e-08,2.8307629236223875e-06,2.8054513379061063e-08,48.55324074074074,2.1469057287504256e-07,0.047254305332899094,8.433718221567688e-07,83.05121527777779,8.214547264628891e-09,6.189045961946249e-06,2.5653344337683848e-08,70.3462577160494,20260707_141324_cam1,3840
False,False,False,False,fixed_exposure,5.89896,5.9712,5.9712,1636.3968,1369.3103999999998,2160,tools/yolo/workspace/runs/fixed_exposure_traditional_roi_3000_20260707/images/raw_fixed/fixed__20260707_141324_cam1_frame_000163.jpg,0.0,0.0,False,False,0.0,False,False,False,False,False,False,False,0.0,0.04291646182537079,p2_no_p5,0.0,0.0,13,2.193309533993215e-08,7.057902280394046e-07,4.2932022381592105e-08,81.2307098765432,6.70104398636795e-08,0.04291646182537079,2.0345319171610754e-06,92.14771412037037,1.1811589040178205e-08,2.7031483114114963e-06,2.3686668626510254e-08,66.65219907407408,20260707_141324_cam1,3840
False,False,False,False,fixed_exposure,5.514480000000001,5.514480000000001,5.1456,1633.34784,1377.7452,2160,tools/yolo/workspace/runs/fixed_exposure_traditional_roi_3000_20260707/images/raw_fixed/fixed__20260707_141324_cam1_frame_000164.jpg,0.0,0.0,False,False,0.0,False,False,False,False,False,False,False,0.0,0.04013805091381073,p2_no_p5,0.0,0.0,16,2.873805371450544e-08,1.0789192401716718e-06,4.29399662493779e-08,81.4429012345679,2.806998509186087e-06,0.04013805091381073,6.202405074873241e-06,97.94560185185185,2.2742650429563582e-08,1.1002369319612626e-05,2.799342091464041e-08,73.54359567901234,20260707_141324_cam1,3840
False,False,False,False,fixed_exposure,4.92696,4.92696,4.853759999999999,1630.64832,1384.70688,2160,tools/yolo/workspace/runs/fixed_exposure_traditional_roi_3000_20260707/images/raw_fixed/fixed__20260707_141324_cam1_frame_000165.jpg,0.0,0.0,False,False,0.0,False,False,False,False,False,False,False,0.0,0.045494187623262405,p2_no_p5,0.0,0.0,12,3.1996023608371615e-08,1.6332892300852109e-06,4.631560202028595e-08,85.9182098765432,7.126829586923122e-06,0.045494187623262405,7.4148074418189935e-06,98.53515625,1.0441121744975135e-08,1.2656649232667405e-05,3.027248851594777e-08,74.97588734567901,20260707_141324_cam1,3840
False,False,False,False,fixed_exposure,5.7888,5.7888,5.31456,1628.07168,1392.9840000000002,2160,tools/yolo/workspace/runs/fixed_exposure_traditional_roi_3000_20260707/images/raw_fixed/fixed__20260707_141324_cam1_frame_000166.jpg,0.0,0.0,False,False,0.0,False,False,False,False,False,False,False,0.0,0.03606981411576271,p2_no_p5,0.0,0.0,14,2.7954575543276405e-08,1.2917649883092963e-06,5.306120698378436e-08,90.4128086419753,2.261454028484877e-06,0.03606981411576271,8.850440281094052e-06,98.69912229938271,1.1351946049842354e-08,7.0755650085629895e-06,4.177814361128185e-08,85.76388888888889,20260707_141324_cam1,3840
False,False,False,False,fixed_exposure,4.644,4.644,4.34688,1624.8576,1401.8616,2160,tools/yolo/workspace/runs/fixed_exposure_traditional_roi_3000_20260707/images/raw_fixed/fixed__20260707_141324_cam1_frame_000167.jpg,0.0,0.0,False,False,0.0,False,False,False,False,False,False,False,0.0,0.03298543021082878,p2_no_p5,0.0,0.0,17,2.961943579293802e-08,1.0602469728837605e-06,3.999064546178488e-08,77.5270061728395,1.6722877944630454e-06,0.03298543021082878,2.746258815022884e-06,94.19005594135803,1.9819434982082385e-08,5.298888027027715e-06,5.514399603612219e-08,90.64911265432099,20260707_141324_cam1,3840
False,False,False,False,fixed_exposure,4.48416,4.4928,4.4928,1621.9660800000001,1413.84744,2160,tools/yolo/workspace/runs/fixed_exposure_traditional_roi_3000_20260707/images/raw_fixed/fixed__20260707_141324_cam1_frame_000168.jpg,0.0,0.0,False,False,0.0,False,False,False,False,False,False,False,0.0,0.08363889902830124,p2_no_p5,0.0,0.0,13,3.560921157941266e-08,1.5066957530507352e-06,3.8606206231861506e-08,74.67206790123457,1.3016419870837126e-06,0.08363889902830124,1.6284272987832082e-06,90.2488425925926,1.875153543551278e-08,5.973967290628934e-06,6.094042959148283e-08,92.22608024691358,20260707_141324_cam1,3840
